--
-- Script was generated by Devart dbForge Studio 2019 for MySQL, Version 8.2.23.0
-- Product Home Page: http://www.devart.com/dbforge/mysql/studio
-- Script date 22/2/2022 12:11:10 PM
-- Target server version: 5.5.5-10.2.41-MariaDB
-- Target connection string: User Id=root;Host=localhost;Port=3307;Character Set=utf8
--



SET NAMES 'utf8';
USE doantotnghiep;
--
-- Delete data from the table 'productdetail'
--
TRUNCATE TABLE productdetail;
--
-- Delete data from the table 'featureproduct'
--
TRUNCATE TABLE featureproduct;
--
-- Delete data from the table 'evaluation'
--
TRUNCATE TABLE evaluation;
--
-- Delete data from the table 'comment'
--
TRUNCATE TABLE comment;
--
-- Delete data from the table 'receiptdetail'
--
DELETE FROM receiptdetail;
--
-- Delete data from the table 'orderdetail'
--
DELETE FROM orderdetail;
--
-- Delete data from the table 'receipt'
--
DELETE FROM receipt;
--
-- Delete data from the table 'product'
--
DELETE FROM product;
--
-- Delete data from the table 'suplier'
--
DELETE FROM suplier;
--
-- Delete data from the table 'order'
--
DELETE FROM order;
--
-- Delete data from the table 'manufacturer'
--
DELETE FROM manufacturer;
--
-- Delete data from the table 'feature'
--
DELETE FROM feature;
--
-- Delete data from the table 'category'
--
DELETE FROM category;
--
-- Delete data from the table 'account'
--
TRUNCATE TABLE account;

--
-- Inserting data into table account
--
INSERT INTO account(AccountID, UserName, Password, FullName, Email, PhoneNumber, Status, CreatedDate, CreatedBy, ModifiedDate, ModifiedBy) VALUES
('142cb08f-7c31-21fa-8e90-67245e8b283e', 'Letha241', 'RMJelfmTrQMhVGTTUaUW5A==', 'Letha Bolt', 'Bolt@nowhere.com', '94630', False, '1970-01-01 00:07:13', 'Abraham Acevedo', '1970-01-01 00:00:04', 'Stevie Frizzell'),
('469b3ece-744a-45d5-957d-e8c757976496', 'Mollie1975', 'NQORmuq2s5RRJgNN2sO8Ww==', 'Vanita Kelleher', 'Morehead@example.com', '11450', False, '1982-08-25 04:39:59', 'Retta Lord', '2008-06-09 18:27:21', NULL),
('4e272fc4-7875-78d6-7d32-6a1673ffca7c', 'Quintin5', 'nIQ9BemXcOfsuE31juBnwQ==', 'Marcos Abraham', 'qpzre411@example.com', '08242', False, '2011-07-02 10:52:14', 'Treena Lind', '1970-01-01 00:00:08', 'Jackeline Acker'),
('17120d02-6ab5-3e43-18cb-66948daf6128', 'Kathern49', 'V4nE+4PqWuTQW67ttUnOSw==', 'Miyoko Mckinney', 'Bray162@example.com', '34958', False, '1992-09-09 06:09:47', 'Hong Beaudoin', '2019-06-02 21:44:55', 'Twila Bock'),
('11452b0c-768e-5ff7-0d63-eeb1d8ed8cef', 'Felisa221', 'iHOktgBSJ10T4B4hFT1qDg==', 'Adolph Francisco', 'Sidney_Agnew3@nowhere.com', '76703', False, '2010-06-15 07:27:15', 'Jason Blackmon', '2013-05-15 02:40:19', 'Reina Adkins'),
('768f8e64-7d10-20c9-967d-e8c757976496', 'Shenita2027', 'btmz6uguZEF8blnbEL+TYg==', 'Oma Lawler', 'xmhz1900@nowhere.com', '49273', True, '1995-11-22 19:39:24', NULL, NULL, 'Lavonia Whiteside'),
('4577565a-7e3e-493a-74dd-867949feb8b5', 'Arnita2004', 'lhAfJTlHur+CDye0jrsjRw==', 'Felix Alba', 'Monroe.Rinehart@nowhere.com', '43735', True, '1992-01-15 01:03:55', 'Tiny Card', '1998-05-25 04:40:40', 'Kendrick Naranjo'),
('7686595d-16d5-33b3-0080-e8e2a817c80e', 'Woodrow2009', 'LPmh03Or7eUJ1hc+6R94vQ==', 'Eusebia Noland', 'Gutierrez73@example.com', '77578', False, '1992-07-26 19:55:21', 'Carroll Binder', '2019-04-14 05:21:20', 'Kim Desantis'),
('59d19422-6657-452e-a7db-e5d54223c257', NULL, NULL, NULL, NULL, '43438', NULL, NULL, 'Maynard Brockman', '1975-08-01 20:27:38', 'Raul Palma'),
('2bbbd485-6df2-536a-7e32-6a1673ffca7c', 'Chantel318', 'TSN+B5tpyTahooDqgXYq1Q==', 'Denisha Mcginnis', 'FelipaAbernathy@nowhere.com', '96139', False, '1970-01-01 00:01:04', 'Peggy Charlton', '2018-01-27 21:57:36', 'Lorette Ortiz');

--
-- Inserting data into table category
--
INSERT INTO category(CategoryID, CategoryName, CategoryParentID, CreatedDate, CreatedBy, ModifiedDate, ModifiedBy) VALUES
('19165ed7-212e-21c4-0428-030d4265475f', 'Games', '67407', '1991-09-04 04:44:58', 'Vanita Edmonds', '2008-02-23 12:41:49', 'Scot Acker'),
('3631011e-4559-4ad8-b0ad-cb989f2177da', 'Movies', '64850', '1982-05-30 02:30:13', 'Kennith Carswell', '1970-01-01 00:00:07', 'Albert Mclean'),
('7a0b757e-41eb-4df6-c6f8-494a84b910f4', 'Accessories', '25568', '2000-02-13 16:15:10', 'Cary Benitez', '1970-01-01 00:00:09', 'Adelaida Bergman'),
('2924c34d-68f1-1d0a-c9c7-6c0aeb6ec302', 'Baby', '68679', '1982-04-21 02:29:09', 'Kathyrn Beatty', '1970-01-01 00:31:40', 'Abram Patten'),
('4cf2dd43-5f4b-71b6-e212-ebbbcf065d1c', 'Tools', '00878', '1993-10-18 20:55:36', 'Erasmo Joe', '1970-01-01 00:00:01', 'Edgar Adler'),
('5f7b48e5-16f9-2f2f-ecdc-845b5dcdad45', 'Automotive', '70736', '1990-01-18 13:36:32', 'Rodrick Paulsen', '2006-04-03 09:52:01', 'Edward Jarvis'),
('185f84ed-4563-51a0-cac7-6c0aeb6ec302', 'Health', '01644', '2002-05-08 18:02:38', 'Marco Horn', '1976-02-16 06:01:28', 'Wesley Ramirez'),
('1731fa87-79fd-4cc1-6978-553c0310877a', 'Shoes', '32626', '1990-10-21 18:45:14', 'Tanner Butler', '1970-01-09 19:14:55', 'Gregg Fulmer'),
('471530a2-44fe-7395-b1ad-cb989f2177da', 'Pets', '52582', '1970-01-01 00:08:53', 'Carline Mccall', '2017-11-05 20:05:55', 'Karly Aguirre'),
('27366e4a-5248-12e3-e312-ebbbcf065d1c', NULL, '52410', NULL, NULL, NULL, NULL);

--
-- Inserting data into table feature
--
INSERT INTO feature(FeatureID, FeatureName, Value, Number, Type, Unit, Description, CreatedDate, CreatedBy, ModifiedDate, ModifiedBy) VALUES
('3e39129b-279f-623f-88ea-778aee59fea3', 'Burleson579', -807750138, -1985675542, '8', '7U', 'Perspiciatis quam ut voluptatem sint assumenda. Ut nulla voluptatem aliquam autem perspiciatis. Beatae sed consectetur nihil delectus laudantium error.', '2014-08-13 23:02:17', 'Ronald Burleson', '1991-06-08 06:01:37', 'Arthur Glover'),
('30007451-29ff-4fe4-3707-70859f4ff30d', 'Devito2008', -352427746, -5, '1K270', 'F5D851D', 'Unde mollitia quis recusandae. Rerum quia laudantium tempora culpa laboriosam asperiores. Delectus minima vel et maiores ut maiores.', '1996-06-15 22:37:25', 'Eusebio Amaral', '1970-01-01 00:09:30', 'Takisha Hagan'),
('6528b15d-6674-724f-79a4-4b24de418577', 'Ahmed2013', -2143133307, -2028645483, '8', 'K7', 'Reiciendis ea quia. Amet qui recusandae. Ut ipsam ducimus! Corrupti vel qui. Aut quod sit. Maiores error ut. Perspiciatis est cupiditate. Assumenda vero!', '2000-10-12 20:50:41', 'Delana Devito', '1994-05-16 22:50:34', 'Judi Herron'),
('27f91d6c-14b1-6c74-92ef-c9d5c2d91e91', 'Johnathan1980', 25, -55799660, '0V', '46', 'Nemo possimus amet adipisci sit esse omnis.', '1970-01-01 00:00:03', 'Margaret Lytle', '1971-07-26 23:23:41', 'Lottie Almanza'),
('34e2b4cc-3758-293d-7aa4-4b24de418577', 'Jay2017', -828479756, -5247, 'OK80', 'K', 'Dolores ipsum iste dicta qui aut. Molestias sit et quasi quisquam nobis. Culpa dolor consequatur. Omnis repellendus omnis quasi.', '1978-04-16 03:24:46', 'Luise Nugent', '1970-01-01 01:27:28', 'Juliet Bordelon'),
('2000637a-2a69-2e7e-a135-f63bd3f197bd', 'Jorge1997', -1292431354, 56, 'V', 'N', 'Quia a sit. Repellendus iste nemo. Quod dolores eveniet. Aliquid modi excepturi. Dolore ea soluta. A et est; inventore voluptatem vitae. Corrupti numquam.', '1989-04-10 21:23:07', 'Ruthann Yanez', '1970-01-01 00:00:06', 'Arturo Cole'),
('2cae53dc-6c39-2a1e-4df6-9777a5de214b', 'Edmond212', -1369139305, -548502773, 'Q9IP', 'P', 'Et deserunt quod. Odio temporibus dolores perspiciatis maxime illo est. Cumque quos sit possimus vitae! Omnis accusamus consequatur. Fugit sint quo.', '1984-05-08 23:00:52', 'Lyle Kirchner', '1991-09-21 01:46:32', 'Asuncion Candelaria'),
('309d2263-2362-1f28-93ef-c9d5c2d91e91', 'Roth1988', -1415362177, -5778, 'A1W', 'DJN', 'Odit nihil voluptate unde omnis eum. Voluptas labore hic qui excepturi. Eveniet aut quae veritatis dolorum perspiciatis est! Consequatur magnam et.', '1999-01-10 08:16:10', 'Alecia Card', '1970-01-01 01:36:19', 'Moshe Wilkinson'),
('529ef8c0-4625-74c5-7ba4-4b24de418577', 'Alarcon2008', -1332767516, -1196577721, 'HF157', '74', 'Quia adipisci voluptatem. Ut fugiat unde. Eveniet soluta qui asperiores ut dignissimos. Obcaecati aperiam asperiores recusandae ea distinctio illum.', '1974-03-14 09:04:07', 'Ewa Gallegos', '2005-09-20 10:47:17', 'Gaylord Whitworth'),
('11131843-6f2a-7a2b-5052-ee3684e78c27', NULL, NULL, NULL, NULL, NULL, NULL, NULL, NULL, NULL, NULL);

--
-- Inserting data into table manufacturer
--
INSERT INTO manufacturer(ManufacturerID, ManufacturerName, CreatedDate, CreatedBy, ModifiedDate, ModifiedBy) VALUES
('30d41e52-5e66-72bc-6c1c-b47866e0b131', 'Canadian Space Explore Group', '1970-01-01 00:00:55', 'Antoine Banks', '1976-01-12 10:10:06', 'Ayanna Darling'),
('5bd71cda-209f-2ade-54d1-35c781481818', 'Canadian Trust Inc.', '1989-06-03 00:16:09', 'Earle Caudill', '1970-01-01 00:05:20', 'Adela Alba'),
('589edf01-198a-4ff5-958e-fb52fd75a1d4', 'National Y-Mobile Inc.', '1991-05-26 14:57:04', 'Aundrea Cahill', '1971-11-21 02:55:21', 'Corinne Dugas'),
('548dce5f-5f29-4617-725d-e2ec561b0f41', 'Beyond Thermal Resources Corporation', '1971-04-11 23:40:23', 'Chaya Mccaffrey', '1970-01-01 00:00:47', 'Alonzo Aragon'),
('68daa090-552d-1bc6-e8e4-8adc5263917a', 'Smart Space Explore Co.', '1987-02-07 13:04:17', 'Zulema Ingram', '1970-01-01 00:01:34', 'Waldo Knudsen'),
('43bed9be-3421-162f-8ba8-609e3bb3a85a', 'Australian Cars Inc.', '2013-01-11 12:16:19', 'Ciera Mackenzie', '2005-05-02 00:28:27', 'Bronwyn Acker'),
('5e17e0b2-3483-38fa-735d-e2ec561b0f41', 'Special High-Technologies Corporation', '2018-08-07 08:31:42', 'Delinda Abreu', '1970-01-01 00:00:09', 'Cedrick Frey'),
('77be5d0b-4f0d-3fa8-6d1c-b47866e0b131', 'City I-Mobile Corporation', '1970-01-01 00:00:08', 'Abraham Roche', '1970-01-01 00:00:39', 'Birgit Kozlowski'),
('68992ee8-5906-72d0-55d1-35c781481818', 'International Logistic Corporation', '2015-06-17 22:44:03', 'Tena Neil', '1972-01-30 14:22:15', 'Lydia Linkous'),
('5f26b0d0-16b7-62ae-0ac2-b9c0ad0052ad', NULL, NULL, NULL, NULL, NULL);

--
-- Inserting data into table `order`
--
INSERT INTO `order`(OrderID, CustomerID, OrderStatus, PaymentStatus, TotalPrice, DeliveryAddress, Note, CreatedDate, CreatedBy, ModifiedDate, ModifiedBy) VALUES
('4fac4b9e-6c96-177f-d292-0ed10b503732', '36058', -1432851621, True, 850, '3476 Old Front Lane, Penobscot Bldg, Annapolis, Maryland, 76341', 'H7I2K14', '1996-08-21 11:42:14', 'Kory Burton', '1986-06-13 22:37:16', 'Deeanna Abreu'),
('7c6369f2-18d3-679e-d7ab-8b7af6721bcf', '75928', -1030416957, True, 702, '624 Rose Hill Ct, Standard Bldg, Charleston, WV, 64580', '26I1441C2S70RNMPUAK48H11EH', '2015-07-10 04:46:50', 'Nedra Lewis', '1984-09-18 22:23:15', 'Logan Acevedo'),
('592b006d-6335-6101-edf6-092cdb0ab5e8', '86838', -1794334035, True, 571, '66 West Town Blvd, Victor Executive Building, Denver, Colorado, 74757', 'EQ2UL9X936XD7P8H73T57ES66XPX3RH438LMT', '1991-06-04 21:18:12', 'Sade Tapia', '1970-01-01 00:00:07', 'Adolfo Engle'),
('35251a6d-3944-4983-ba47-901f27b89d18', '57080', -1925050876, False, NULL, NULL, NULL, '1975-12-08 12:40:05', NULL, '2010-08-23 00:54:36', 'Marlene Krieger'),
('5017b949-77c1-2758-e5f2-17995bf2968c', '72982', -997713899, True, 312, '1091 Chapel Hill Lane, Penobscot Bldg, Montgomery, Alabama, 46515', 'E9Q78FNT284U5NA0B8SG', '1996-08-21 11:42:13', 'Addie Ferguson', '1972-04-28 16:11:46', 'Sharika Acker'),
('4a756255-60b4-6d83-d392-0ed10b503732', '96491', -1765423586, False, 443, '3367 Deepwood Court, 8th Floor, Charleston, West Virginia, 25267', 'HGS6', '2002-02-17 18:03:28', 'Christel Abney', '2017-04-16 16:42:30', 'Lenita Francisco'),
('4e4dd06a-1a04-681f-29dc-88a3ac8a3bba', '32630', -1157183679, True, 333, '1996 SE Cedar Tree Blvd, Little Rock, Arkansas, 24716', '3L45W8OBL28Q', '2007-05-07 08:27:28', 'Barry Golden', '1970-01-01 00:13:22', 'Jonah Miller'),
('60e353a5-58e0-5144-d8ab-8b7af6721bcf', '81993', 79, False, 322, '2017 Rock Hill Drive, Victor Executive Building, Harrisburg, Pennsylvania, 80288', 'PE2DT87W7ME', NULL, 'Alethea Ma', '2002-09-14 22:01:25', 'Antonio Leung'),
('2d2631c0-30a8-1850-bb47-901f27b89d18', '93075', 87, False, 648, '3156 Bayview Street, 257 Towers Building, Nashville, Tennessee, 30561', '7PH18SDZ0N234QT2FB35R', '1991-06-04 21:18:13', 'Paul Summers', '2017-03-22 04:59:17', 'Farah Batista'),
('4ddd46a8-42d2-6d26-1191-0af2c7f2a1a0', '94696', -1377813044, False, 487, '3140 Cedar Tree Highway, Providence, Rhode Island, 12060', '4VC21V5773IKFZ8N1JK104D32ET815867ZB09H4M03GXE8389B1WGXL2AL3L9CQ3812W34FU9WT4J17W1W4V5V2RC4Z62Y3JD81ABCC4JKBWM17YHIQ86077T2', '1970-09-20 22:16:05', 'Lesley Durden', NULL, NULL);

--
-- Inserting data into table suplier
--
INSERT INTO suplier(SuplierID, SuplierName, Email, PhoneNumber, Address, CreatedDate, CreatedBy, ModifiedDate, ModifiedBy) VALUES
('473c87d2-76c0-4e21-eb9a-e23db261d3d7', 'Wilhelm466', 'Abby.WWilhelm33@example.com', '88766', '3317 Red Ashwood Highway, Montgomery, Alabama, 42022', '1970-01-01 00:04:32', 'David Wilhelm', NULL, NULL),
('6e4ad26a-2ed5-229e-bb00-f0281f63d6bc', 'Manuel634', 'Hunter.KTodd563@nowhere.com', '31034', '44 SW Buttonwood Drive, Santa Fe, New Mexico, 52576', '1970-01-01 00:00:02', 'Laurene Rodriguez', '1976-10-10 07:00:15', 'Diego Kline'),
('3a8e2ab6-61f3-40a6-6777-fd2ea5b5f96c', 'Ridley1952', 'CrystleCupp674@nowhere.com', '13187', '1330 North Front Blvd, Appartment 10, Phoenix, Arizona, 84441', '2014-04-22 10:44:30', 'Silvana Lynch', '1995-04-22 01:23:09', 'Abel Stacey'),
('1e33e783-2a86-2cb2-2607-d7fb0652e052', 'Elvin1966', 'ColettaCardenas@example.com', '81551', '2471 Riverside Rd, Montpelier, Vermont, 88996', '1970-01-01 00:05:22', 'Arthur Bourque', '1979-08-21 08:05:56', 'Latrina Clay'),
('1e3fea6d-4c76-3028-01e6-60ef96f96cf1', 'Markus455', 'AdellaMyers8@example.com', '32595', '1266 Hazelwood Ct, Buhl Bldg, Boston, MA, 47733', '1970-01-01 00:01:14', 'Terica Kee', '1992-07-08 11:47:06', 'Angila Martel'),
('52776972-4378-19fb-a3b5-71773acb3ca3', 'Fletcher1967', 'Hinton@example.com', '63809', '2837 Hunting Hill Loop, 1st FL, Frankfort, Kentucky, 61353', '1980-11-23 09:14:49', 'Buddy Acevedo', '1994-11-27 15:39:53', 'Aida Nava'),
('6791db26-20dc-4136-0f3e-0e0d0971fd2e', 'Benjamin2007', 'rooooq8207@example.com', '17594', '1302 Hidden Rock Hill Rd, Kearns Building, Oklahoma City, Oklahoma, 96530', '1997-07-10 06:04:56', 'Abraham Boggs', '2001-10-19 13:13:02', 'Milissa Jessup'),
('19a201e3-3c7c-6763-f7f2-8f5b24d96315', NULL, NULL, '61902', NULL, NULL, NULL, '1983-05-18 15:43:09', 'Coleen Akin'),
('4282440e-5791-4069-80c2-7be0894d9386', 'Dugan1994', 'Monahan172@example.com', '69071', '3705 Rockwood Parkway, Superior Building, Richmond, VA, 28966', '2016-07-25 17:37:07', 'Kirk Tinsley', '2003-09-25 20:27:35', 'Celesta Cota'),
('123d0778-5d15-58be-103e-0e0d0971fd2e', 'Gene2017', 'Alejandro.Sells@example.com', '53108', '86 W Riverview Drive, Bartlett Bldg, Helena, MT, 22793', '2000-12-27 01:08:38', 'Heath Adcock', '1970-01-01 00:00:03', 'Crysta Marin');

--
-- Inserting data into table product
--
INSERT INTO product(ProductID, ManufacturerID, CategoryID, ProductCode, ProductName, Price, Quantity, Camera, Battery, PromotionPrice, PromotionStart, PromotionEnd, Image, CreatedDate, CreatedBy, ModifiedDate, ModifiedBy) VALUES
('31364645-14ed-27fc-d711-56e108b1c222', '5e17e0b2-3483-38fa-735d-e2ec561b0f41', '3631011e-4559-4ad8-b0ad-cb989f2177da', 'Recular', 'Tweetholdar', 599, 6, 'U58', '1JAES702ASC8Q63SLJ7384K2604', 173, '1973-09-07 18:03:46', '1972-08-25 12:46:07', '9YF09PP1HRHYJGY7WG8GPMTE6DEMJ2W122VU4W593K9DVS3SWWB1ZH25OP64021100B95PLX37M42', '1984-02-08 06:30:56', 'Monty Horner', '1970-01-01 00:00:41', 'Dorothy Button'),
('394b238c-2ef4-4298-5333-57d1d013a38f', '68992ee8-5906-72d0-55d1-35c781481818', '2924c34d-68f1-1d0a-c9c7-6c0aeb6ec302', 'Renierphone', 'Promuton', 666, 86, '14Y10MUHY0X78B9PXR9J938P28T3GPUX50L7N4HZX00CR0XY9W', '54', 188, '2019-01-03 00:13:28', '1982-12-27 01:49:36', '6169QPV', '1970-01-01 00:00:02', 'Gordon Epperson', NULL, 'Odis Flynn'),
('5db23f21-65b9-3ea7-244c-4663158f29cd', '43bed9be-3421-162f-8ba8-609e3bb3a85a', '471530a2-44fe-7395-b1ad-cb989f2177da', 'Subcessimentor', 'Transniollor', 894, 27, 'WRZ1B0WQ0JM48L', 'GB8BI0QP302403895PTNA9H4437OHVK62WW1H8438BMPA22HPJV06G541P7TO771271A74CSC92U6OC0MM76X', 888, '1985-02-07 15:53:17', '1986-04-20 14:52:30', 'M8PD1YCG7Q991TOGBIUU3H52FKI1DDC6QJM3P27P62MOSZO38M2Y968', '1970-01-01 00:54:29', 'Alina Calvin', '1985-08-05 18:16:32', 'Abbie Cano'),
('61b9cb60-344e-7294-f363-8a7ba31d9960', '68992ee8-5906-72d0-55d1-35c781481818', '1731fa87-79fd-4cc1-6978-553c0310877a', 'Subculfior', 'Cleanputon', 848, 74, 'J5LJSQN', '2421P34NQU3PGVNHQ0T', 651, '1970-01-01 00:14:09', '1970-01-01 00:01:11', 'AT0PFE6MJ8I43IWO', '1972-06-19 09:11:51', 'Genevie Carney', '1986-11-28 05:34:09', 'Allison Rizzo'),
('72fe93fd-517a-1729-db18-0ccabe85ff46', '43bed9be-3421-162f-8ba8-609e3bb3a85a', '5f7b48e5-16f9-2f2f-ecdc-845b5dcdad45', 'Tweetbandor', 'Tabwoofphone', 508, 10, '5CH8YSL', '5HGCWFL6VK2697SAL9R3L18EM645O7M4E805BC26', 192, '1992-03-08 06:04:44', '2015-10-11 12:36:46', 'BXZ08UZ1ZK', '1995-07-30 00:41:04', 'Alice Slaughter', '1970-01-01 00:00:07', 'Darleen Adair'),
('6e33d899-6a6c-5534-bfc6-d72f24192909', '5bd71cda-209f-2ade-54d1-35c781481818', '27366e4a-5248-12e3-e312-ebbbcf065d1c', 'Montaedgator', NULL, 638, 29, 'EZXS30B6H0CQ774OD87WV95835I2091JZ138897', 'B2G0703', 151, '2016-07-14 06:56:39', '1988-11-25 07:35:43', NULL, NULL, 'Adrianne Friedman', '1972-11-03 10:28:30', 'Myriam Abernathy'),
('21d97f61-513d-59dc-abb3-cad96b318fc3', '43bed9be-3421-162f-8ba8-609e3bb3a85a', '7a0b757e-41eb-4df6-c6f8-494a84b910f4', 'Micpicker', 'Supceivra', 146, 12, 'O9685DMZECWDS', 'VD7067ZOSEY3S', 638, '1985-03-18 23:19:31', '1976-08-31 20:57:49', 'C40DD213GONOX7QYFB40S6D9VZ80ZC41L0RY6JJ2YMB5BTD111RNO1A3U5T', '1970-01-01 00:07:34', 'Irvin Hendrick', '1970-01-01 00:01:03', 'Jonah Rouse'),
('28048e4e-650a-6f62-3a97-c414fa26c3e6', '5f26b0d0-16b7-62ae-0ac2-b9c0ad0052ad', '4cf2dd43-5f4b-71b6-e212-ebbbcf065d1c', 'Subplottentor', 'Supputommar', 231, 87, '4EVULXZO6H68Z4XH7725001XO80HV9TU4XT667K4B9D', '2UWXI81EZQ57YX9NQQ3IFM1B', 362, '1972-06-11 17:33:18', '1987-12-23 07:22:29', '35AM6737NQV520DJ57VLPU86E91S180H4PT3O36016S87G0W0F7K', '1970-01-01 01:33:28', 'Cary Gilliam', '1971-10-15 18:12:59', 'Whitney Dove'),
('33c6d4c6-4389-65c9-d811-56e108b1c222', NULL, '3631011e-4559-4ad8-b0ad-cb989f2177da', 'Replottommer', 'Mictellar', NULL, NULL, NULL, '2X50QCD2FE716K1IDTIB937H59C829474H6CGYIBN4L', 993, NULL, '1981-06-03 08:12:50', 'Z73ON3G09OD4HUE2J61UHWD6KY812KJV7LC', '1971-03-01 01:33:53', NULL, '1987-12-02 17:28:38', 'Donnell Mclean'),
('493bb3e1-766d-55a9-c0c6-d72f24192909', '68daa090-552d-1bc6-e8e4-8adc5263917a', NULL, NULL, 'Armlififiator', 998, 17, '1', NULL, NULL, '1998-04-20 07:06:43', NULL, 'BOA6BZ18ZC2WL512Q4U8TK8T263DPA5DAWH69B472G4G36VQPDM63K33B76ZK72KF1H9IZ01ZWM0EB2S654K3JD86K3', '2007-11-05 22:42:30', 'Bernardo Black', '1970-01-01 00:01:15', NULL);

--
-- Inserting data into table receipt
--
INSERT INTO receipt(ReceipitID, SuplierID, ImportDate, TotalMoney, PaymentStatus, Description, CreatedDate, CreatedBy, ModifiedDate, ModifiedBy) VALUES
('1d924db9-12ea-7c5f-966e-03fef0add176', '4282440e-5791-4069-80c2-7be0894d9386', '1970-01-01 00:01:31', '9U6K2Y', False, 'Magnam soluta et, sit enim labore doloremque voluptas ea sed iste quo aperiam culpa doloremque. Officia illum est quam id, qui alias illo architecto earum eius suscipit ex voluptatem dolores. Consectetur unde officia ad quaerat impedit perspiciatis iste unde voluptates voluptatem voluptatibus aut eos mollitia. Voluptatem rerum commodi vero tempora inventore omnis qui ad ut qui nostrum non qui maiores; et similique aut tempore sunt placeat doloremque quibusdam omnis dolores molestias non enim aut hic; magni omnis exercitationem quam eos ut numquam et consequatur magni natus velit rerum, nihil itaque. Molestiae voluptas nemo voluptatem necessitatibus distinctio est earum id aut corporis quaerat voluptatem voluptas tenetur. Et iusto sed, perspiciatis soluta vel aut natus fugiat perferendis quia adipisci voluptas officia veniam. Quidem quia dolores saepe debitis deleniti, magni ratione sapiente neque quaerat error numquam est aliquid? Quasi ea, quis molestias aut voluptatem ab qui perferendis ut repellendus quibusdam unde dolores et. Voluptatem saepe aut unde dolores hic sed, sit et sequi suscipit quo maxime assumenda necessitatibus. Accusantium quasi ab nostrum officiis sed illo consequatur voluptas dolor commodi et repellat nostrum iste! Expedita quia quae dolorem dignissimos, sint atque quo eveniet est ab obcaecati iusto voluptatem non. In nulla sed omnis unde nobis aliquid rerum vel veritatis sequi nostrum aliquam ut ex! Sunt perspiciatis deleniti quia vero id nihil quisquam rerum inventore earum sit eaque animi modi. Temporibus magnam aperiam et iusto quam laudantium quia iste ut vero explicabo impedit reprehenderit perspiciatis...\r\nSapiente a velit sit exercitationem perspiciatis quia maiores debitis assumenda necessitatibus repellat impedit voluptas doloremque. Autem nemo ad aut ex beatae magni vel nobis quis ut accusamus id consequatur qui. Beatae architecto aperiam sunt voluptatem id pariatur sequi deserunt provident aliquid sit blanditiis necessitatibus dicta? Rerum unde, itaque magni soluta voluptatibus qui in cupiditate cum neque veniam ut reprehenderit temporibus. Voluptate unde ipsa sint, iste possimus at omnis voluptatem libero aspernatur sunt consequatur doloribus ipsam. Exercitationem cumque optio cum deleniti qui unde aut sit velit eum error facere nam dolores. Doloribus natus id velit animi quidem eos inventore sint quisquam magnam ut perferendis dolor eum. Quas laborum natus quidem quis nostrum sunt exercitationem sed quia quisquam quas voluptate ut voluptatem. Sunt eius, quasi et voluptatum vel provident dolorum eveniet aliquam a autem ea aliquam amet. Magnam quos, asperiores quia aut velit consequuntur expedita repellendus qui quia incidunt culpa magnam delectus; asperiores a reiciendis ut laboriosam quia corporis voluptatem accusantium ut quo tenetur a esse qui. Eum sapiente omnis error velit quaerat accusamus explicabo odit veniam enim qui quos perferendis unde. Nihil inventore, et impedit consectetur modi voluptas amet sed ut quos accusantium et ducimus excepturi. Nihil cum, nemo et illum cupiditate reiciendis aut provident saepe sed possimus commodi quibusdam sed. Et eligendi deserunt dolorum nisi dolore aperiam ut qui suscipit reprehenderit nobis eum, laudantium magnam. Molestiae error nihil sit omnis nesciunt animi eius sed quo eius odit est quasi nobis. Omnis blanditiis quaerat aut illo unde cumque accusamus deserunt possimus et dolorem illum aut assumenda! Expedita veniam possimus velit mollitia consequatur tempore quia quaerat consequatur nostrum cumque quam minus dicta. Dignissimos natus sit dolorem quidem odit dignissimos laudantium ipsum maxime dolorem ut id consequuntur natus. Ipsa nisi rem aut sapiente excepturi inventore quasi ut molestias error amet non est dolorem.\r\nIste aut eaque mollitia aut qui voluptatem suscipit placeat alias rem aut maxime reiciendis adipisci. Natus odit sed, repellat velit eum et architecto voluptatibus dolore ullam architecto qui non aliquam. Eum quis veniam ipsum rerum laudantium voluptatibus doloribus sit nesciunt, dolore aut quidem quo ut. Ducimus natus odit obcaecati natus amet laudantium quis veritatis minus nesciunt sit labore nobis ipsa. Veniam et dignissimos ex dolores natus dolor debitis optio autem fugit omnis odio consectetur et. Et magni quas voluptates est eius placeat sit ea cupiditate rerum in voluptate omnis aliquid; odio pariatur quia dolor voluptatem quisquam velit, ea sit voluptas dolor similique placeat libero voluptas. Nisi blanditiis sunt ab dolorem, autem voluptatum tenetur natus deserunt quibusdam doloribus quam sed magnam. Excepturi voluptas quis perspiciatis quidem deleniti illo sunt omnis, quo veniam unde molestiae id unde. Incidunt facere quae aut, doloremque est sed culpa unde iste enim voluptatem laboriosam dolorum perferendis! Quae et ipsa tempora qui rem nemo et quibusdam qui voluptas est autem cupiditate doloremque. Quia consequuntur atque eos rerum aliquid quam temporibus natus ut possimus quae nisi deleniti cum. Amet aut, error omnis et possimus alias vel qui ratione in enim error placeat eius! Vero magni quia est ut deleniti qui doloremque ut quidem sit dolor dolores delectus et. Nesciunt et velit architecto ea sint voluptatem cum autem voluptatem quo omnis veniam minima ut! Alias sit exercitationem et ullam reiciendis perferendis sit voluptatem quod ratione magni natus aut similique. Consectetur nostrum et iste architecto et aut error, perspiciatis rem culpa cupiditate eligendi facilis ut! Voluptatem rerum maxime cumque debitis atque dolor voluptatem dolor aut eum vitae consequuntur iste eveniet.', '1970-01-01 02:09:19', 'Benedict Demers', '2008-01-31 06:05:54', 'Michael Johnson'),
('64112187-6592-24f7-afb9-81afd5456b90', '1e3fea6d-4c76-3028-01e6-60ef96f96cf1', '1970-01-01 00:01:49', 'X72LA3J4EM4M3J2P0M7', True, 'Ut ipsa ut, at deleniti eius perspiciatis magnam beatae doloremque est minus aut sit cupiditate. Quis maiores, dicta qui beatae voluptas voluptates harum sunt enim sequi ipsum ullam quia itaque. Autem sed ex explicabo quaerat dolore ex delectus libero laboriosam quia voluptatem ipsum in similique! Dolores nisi, iure nostrum natus enim sit non perferendis nobis obcaecati natus quisquam explicabo numquam. Et voluptas officia enim et excepturi molestiae sapiente facilis optio totam non doloremque quidem odit? Aut saepe cumque, necessitatibus iste a omnis libero molestiae assumenda ut adipisci dolorem eos consectetur. Corporis neque necessitatibus quia quae dolores molestiae qui perspiciatis quae sapiente sunt et non autem! Tempore vel recusandae qui maiores voluptatem est expedita eum inventore corporis est nostrum omnis expedita. Quae rerum omnis quis aut iure totam accusantium repudiandae hic id velit sunt nobis minima; id natus, esse ipsum eum itaque et porro sed voluptatibus ut dicta cupiditate et repudiandae? Dolore est maxime nemo, est consectetur ex quia sunt vel iste amet cupiditate id aspernatur.\r\nQui quis voluptatem exercitationem est atque dignissimos esse aspernatur eveniet non et ut omnis provident. Quos a quo consequatur cum aliquid rem sequi molestiae iste suscipit quae aliquam ut qui. Impedit est natus error et doloribus perspiciatis natus magnam hic dicta non illo vitae itaque! Amet sapiente enim asperiores sunt laboriosam quasi ut, quod maiores aliquid quisquam consequuntur voluptas soluta; illum perspiciatis quo molestiae odio qui aspernatur cupiditate natus magnam alias sunt ullam ut itaque. Iste est odit ut voluptate consequatur dicta laudantium non iste nostrum aliquam architecto blanditiis deleniti; molestiae omnis voluptatem necessitatibus maxime ipsam natus necessitatibus quis laudantium accusamus qui quidem sunt non. Et est laudantium ipsam, voluptatibus odit et eveniet atque illum qui tempore accusamus sint quod! Nostrum commodi quaerat suscipit, explicabo ex consequuntur optio unde impedit tenetur earum qui et dolores? Iusto distinctio tempore, qui repellendus accusamus quos numquam culpa beatae culpa eaque animi qui voluptatem! Odit qui, consequatur temporibus ut enim eaque qui laudantium aut natus ut distinctio architecto impedit; inventore et repellendus vel est et non cupiditate vel repellendus soluta neque excepturi consequatur quia; ratione voluptatum provident odit unde error perspiciatis in sed nemo sequi perferendis illum aperiam minima. Ut blanditiis, aut vero laudantium aut voluptatum et ipsum sequi omnis ab non voluptatem voluptas. Laborum natus quos quibusdam atque eos quo assumenda unde autem quia dolorem possimus velit sed. Voluptatem doloremque atque iste quam fuga quae dolorem et dolores aspernatur iste aut, commodi officia. Numquam consequuntur inventore illo voluptates animi omnis fugiat impedit numquam aut quo expedita inventore enim. Beatae vel quos libero non natus debitis, tenetur id voluptatum at doloribus ex similique a. Aut expedita iste ducimus ut sed recusandae ducimus fuga rem aut perspiciatis atque maiores veniam.', '1992-07-19 17:47:58', 'Abdul Whiteside', '1997-01-12 21:56:48', 'Kina Abraham'),
('7d0cb27f-5134-5a7a-3ecd-da15c50e55e9', '1e33e783-2a86-2cb2-2607-d7fb0652e052', '2018-08-31 13:49:14', 'Q0123', True, 'Repellat voluptates eveniet qui ut aut sed aperiam accusamus vel, iste illo quos et voluptatem. Rem illo vel non doloribus est consequatur necessitatibus amet qui sit error nobis et autem! Et iusto, dolores et aliquam nostrum molestiae dolores ratione temporibus blanditiis magni itaque qui omnis. Animi modi ullam natus voluptas dolorum alias neque ut vel consequuntur exercitationem sapiente maxime ea; dolorum neque porro unde consequuntur aut error cum, et laboriosam fugit sed sint modi ex. Et est et facilis dolores enim recusandae et commodi autem enim qui adipisci iste voluptatem! Molestiae tenetur possimus sunt ex iure dolore et voluptatem harum ea sed accusantium suscipit qui; dolores sed molestiae nulla sapiente consequatur at voluptas, cum omnis quas ut natus ut doloremque. Velit quae reprehenderit cumque non ipsa suscipit ut labore sed consequatur deleniti reprehenderit optio sit. Architecto voluptatem natus laboriosam aut error modi voluptate cupiditate similique accusantium consectetur sunt unde quia. Quas voluptate ea atque repudiandae est ipsum at natus rerum nulla officiis voluptatum dolor earum! In harum ut nemo beatae iusto ducimus sed est aliquam debitis et iste expedita illo. Id dolor et, quia in similique quaerat ut similique qui omnis quas eaque et qui! Iure laboriosam dolorem aut et maiores voluptatem et ea cupiditate laboriosam in quibusdam perspiciatis adipisci? Recusandae corporis labore cumque consectetur sapiente possimus necessitatibus velit perspiciatis sed iste laudantium sed ut! Facere neque sed, dolorem fugit rem officia iste dolorem sunt odit velit perspiciatis omnis est.\r\nPorro et non dolores ut officiis quis quo eum facilis aut explicabo odio cumque quod. Nihil inventore debitis deserunt et optio voluptatibus accusantium asperiores modi dolorem ut hic iure sit. Aliquid aut dolores atque culpa hic ut voluptatem corporis in id ad iste et laborum. Natus voluptatum debitis molestiae maiores labore voluptas sint eius omnis nam consequatur similique dolor natus. Voluptatem quod quis non aperiam in ab, molestias unde omnis laborum similique sint eaque voluptas. Incidunt necessitatibus, debitis iste et voluptatem non sed in et est natus perspiciatis quaerat aut. Molestiae optio exercitationem atque similique ipsa iste explicabo deserunt dolorem et voluptatem commodi vitae aut! Qui autem omnis natus rerum aut consectetur iste possimus unde nesciunt enim nulla saepe molestiae. Vitae recusandae et, ut unde laudantium suscipit enim sed ut blanditiis fugit quis sed dicta. Perspiciatis qui optio culpa voluptatem nisi mollitia qui porro ut sit unde commodi sint ratione. Officia aut est voluptatem, omnis distinctio reprehenderit veniam in non accusantium qui sint dignissimos quibusdam.', '2020-10-21 19:20:35', 'Gerry Laird', '2002-11-13 22:42:09', 'Alexis Laflamme'),
('3ae3784c-2d94-77b4-2a61-aa21d0714907', '1e3fea6d-4c76-3028-01e6-60ef96f96cf1', '1970-01-01 00:00:06', 'O789V4C908687Q68S5ME50M32NG715Z653FVDZOOG592257823M5K1CAX41Q50BX2Y', True, 'Necessitatibus quia minima ipsa ut vitae ratione ut ratione incidunt dignissimos recusandae quas sed reiciendis. Fugit at sit tenetur vitae modi, eos molestiae sint in adipisci pariatur est culpa reprehenderit. Iste voluptatem error eum, voluptatem quisquam nam est tempora nostrum debitis perspiciatis qui cum tempora? Obcaecati nemo quo non nihil error aut fuga eaque inventore voluptatem dolore eos sed maiores; libero dolor itaque et sed velit exercitationem aut obcaecati odio exercitationem voluptatem consequuntur sapiente voluptatem. In quo ad qui cum repudiandae voluptatibus ipsam et quia sed excepturi odio aut quis? Sed dolore sint reiciendis quam iste animi id vel eos mollitia perferendis quam unde doloremque. Provident est dignissimos aliquid aperiam corrupti magnam voluptatum illum error autem unde quia et quaerat. Consectetur commodi quibusdam ut iste nesciunt consequatur sunt labore et quia quisquam sequi eos aut. Inventore voluptas ut cumque, voluptates ut iste ut omnis porro quaerat veritatis voluptas sunt quaerat. Eos sed aut quae delectus, error et assumenda consectetur enim atque cupiditate aut omnis tenetur; ratione ipsa porro omnis deserunt illo autem inventore eius est id impedit enim voluptatem maxime. Aut cupiditate omnis aspernatur earum natus omnis consequatur temporibus et quaerat aut id similique corrupti. Ut doloremque quia facilis quia qui ipsum natus maiores voluptatibus ipsa necessitatibus accusantium iusto quia. Et quasi sint nam accusantium quisquam unde est dolorum enim est et eum minus facere. Et nesciunt eius vel, et fugit praesentium sed dolore sit expedita eligendi iste id omnis! Sit ea consequuntur quisquam sit deleniti voluptatem eligendi voluptate placeat perspiciatis incidunt non sit sapiente.\r\nQuia est doloribus maxime unde et inventore corrupti officiis tenetur molestias excepturi reiciendis et perferendis. Et quibusdam eaque voluptas et ut, itaque sed autem labore quam odio reprehenderit sapiente rerum. Maiores recusandae qui in nobis est eius et veniam dolorem, aut inventore quae molestiae quia. Perspiciatis similique adipisci laboriosam, porro consequatur aut quibusdam quia voluptatem quisquam ab expedita ipsum vitae! Perspiciatis ipsa iste quibusdam error, molestiae et repudiandae sit voluptatem enim provident eos officiis modi. Aut et sit porro modi assumenda et ipsa a eos itaque temporibus non nam ut. Voluptatem perspiciatis, molestias iure quos ipsum sit est aut voluptatem atque omnis et vero atque? Voluptas tempora omnis quia, provident totam voluptatem qui ipsam eligendi esse quia natus eaque earum. Laboriosam et corrupti blanditiis consequatur id quasi qui unde reprehenderit unde aperiam qui dolor nisi! Id consectetur voluptatem repellat commodi corrupti necessitatibus eum et est asperiores pariatur minus itaque modi. Doloribus a reprehenderit dicta necessitatibus natus iusto quia perspiciatis explicabo est temporibus vero adipisci deserunt? Veniam quia aut hic nostrum soluta ipsum earum harum eligendi ut autem velit consequatur a.\r\nUnde qui corporis laboriosam et sit facilis voluptas quis aut voluptatem officia, rerum ea in; eos nihil rerum molestiae error ut at natus facilis rem nostrum quia et hic qui. Error quibusdam numquam sequi omnis sed voluptatem qui expedita rem, sint maxime est autem tenetur. Quaerat est id dolor nesciunt qui dolorum sed a et nisi repudiandae reprehenderit quas numquam! Et eius est itaque iste, culpa et non molestiae sunt reprehenderit voluptatem voluptatum hic et. Veritatis aut et voluptatum eius sed, modi dolor placeat sequi labore ea quibusdam voluptas praesentium; autem aliquam asperiores eaque aliquid quia autem ut reiciendis eaque adipisci quis ab ea aliquam. Mollitia laborum aut officia exercitationem magnam voluptatem fugit quo laboriosam sunt provident molestiae quia pariatur. Ut iure minima inventore voluptate nostrum eligendi doloremque rem delectus autem qui deleniti modi quia! Consequuntur dolorem velit, omnis voluptatum voluptas et magni et consequatur numquam libero error eum dolores. Quasi reiciendis quia, illum vitae aut ipsa eaque in minus culpa magni et nesciunt eveniet. Illum quos qui, amet rem perspiciatis ipsa ipsam perferendis voluptas nihil qui quia magnam ut; aliquam et provident nulla aut ullam voluptatem ut autem cupiditate perspiciatis et cum error omnis. Voluptates laborum autem voluptatem et quia repellat unde consequatur sequi ut unde cupiditate molestias velit.', '1975-09-27 11:10:42', 'Barry Merchant', '1970-01-01 00:00:59', 'Julienne Baxley'),
('73b54309-388b-5f8d-dbbc-80eebd861ac2', '1e33e783-2a86-2cb2-2607-d7fb0652e052', '1981-01-05 21:50:42', 'Z02Y3F0053O3Q0', False, 'Fugiat perspiciatis cumque atque placeat repudiandae veritatis vitae ut obcaecati officiis perspiciatis aspernatur dignissimos et. Natus culpa sit iste beatae ratione quaerat cum, provident sunt sapiente enim distinctio ut numquam.', '1992-04-21 12:09:16', 'Nilda Bruton', '2015-11-24 18:41:18', 'Adolfo Bergeron'),
('62d5265a-5d7b-2bca-223a-e116be82f154', '52776972-4378-19fb-a3b5-71773acb3ca3', '2012-03-08 15:52:15', 'U4OY8O040NTOPEK7M80D5Q57J3Z9B35WE1I4Z74I5EQPQ981D5J219P87XNG3D0J320', False, 'Error perspiciatis, inventore perspiciatis explicabo minus aut officiis corporis ducimus hic animi quisquam voluptatem labore.\r\nAdipisci labore rerum et eius suscipit dolore voluptatem earum ipsa rem unde quas velit ut. Voluptatem reiciendis repellendus odit nostrum sit et laborum dolorem minus assumenda tempora in magnam omnis. Omnis laudantium explicabo ut sit veniam, dicta ducimus excepturi veritatis libero consequatur voluptas aut repudiandae. Magni et mollitia nihil veritatis et non placeat autem facere omnis sunt corporis qui non! Aut sed voluptatem et voluptas necessitatibus placeat cupiditate iste, accusamus sint praesentium molestiae autem non; hic recusandae cum molestiae ad voluptatem sit accusamus qui earum qui omnis ut nihil aliquam. Non id quaerat suscipit autem labore ut omnis consequuntur voluptatem minima et saepe dicta voluptas; aperiam sed et nihil excepturi ut fugit ipsam quidem fugit nesciunt eum eveniet quo est. Est qui dolores libero, autem cum minima et consequatur eveniet fugiat eum quam qui eum. Distinctio consectetur sapiente qui sed illum recusandae beatae magnam quis voluptatem sed est iste neque.', '1970-01-01 00:01:40', 'Thresa Homer', '1983-01-15 19:05:17', 'Garry Metzger'),
('373c4bda-7436-26ca-43ac-28d3b409e320', NULL, NULL, NULL, NULL, NULL, '1980-10-28 10:38:00', NULL, '1977-02-09 12:45:22', 'Cathrine Southerland'),
('1afa1cab-40d2-3cb9-0aef-6265d9ea573b', '52776972-4378-19fb-a3b5-71773acb3ca3', '1970-01-01 00:03:17', '6903679XVBIYQ862C50XQ1', True, 'Iste dolor at sit fugiat at dolorem officia fugit laudantium placeat tempore accusamus vel est. Magnam consectetur illum vel, eum explicabo incidunt ipsa natus magni iste delectus et doloremque labore. Ut modi praesentium perspiciatis, cumque ut sunt dignissimos repudiandae nisi rem est quod a sed. Eum laborum natus qui eos magni ipsa sit voluptatum error tenetur voluptatem sapiente ducimus ipsam.\r\nConsequuntur facilis doloribus et quod alias temporibus esse modi ut nam praesentium hic officia unde. Tempora sequi assumenda aut sunt rem similique repellat rerum eum aut qui, sint natus porro! Quia dolorem non iste non sint laudantium vel incidunt id quos aut ut vero unde. Quasi id quo autem soluta sunt ex quasi minus iste ratione aut sapiente voluptatem consequuntur. Numquam omnis possimus blanditiis aut laboriosam aut quia est quia similique quo qui nihil eaque.', '1970-01-01 00:00:05', 'Miles Mcdaniels', '2001-03-18 20:32:35', 'Emely Shull'),
('25f3965e-12d8-47e7-976e-03fef0add176', '19a201e3-3c7c-6763-f7f2-8f5b24d96315', '1970-01-01 00:00:08', '9OH8LRG955KGGN8GJJ5J0M4U75NHK6JV9P1833IPS', True, 'Magnam impedit, eum ut perspiciatis voluptatem aut alias eum incidunt magni commodi quia et praesentium. Dolor dolore eos omnis quis, fuga modi reiciendis ut minus mollitia corrupti numquam voluptatem voluptas! Aut odio praesentium non ipsam dolores qui illo amet quos facilis est officiis enim ad. Facilis et sunt voluptate voluptatem dolores natus eos ut voluptatem omnis vel at aliquid beatae.\r\nNon animi illo iure, eum aut excepturi aut qui perspiciatis et voluptatem quia et ut. Optio sit dolore atque ut accusantium dolores dicta ut qui minus eos neque nam sint. Ullam perspiciatis et quis officia asperiores consequatur quisquam iste et neque assumenda necessitatibus id repellat. Similique ut aliquam perspiciatis sit deserunt velit ea dicta modi sit praesentium qui expedita neque. Fugiat explicabo blanditiis itaque inventore et autem sed sapiente aspernatur repellat molestiae quasi ea dolor. Unde voluptatem aut et omnis dolores soluta ipsum enim voluptates perspiciatis veniam consequuntur sed a. Omnis est odio et aut quisquam consequuntur repellendus dolor culpa autem temporibus aliquid qui odit.', '1982-03-09 21:59:54', 'Ollie Vernon', NULL, 'Charlsie Alston'),
('33348a66-6edd-1fde-c371-023dd9ee80a8', '123d0778-5d15-58be-103e-0e0d0971fd2e', '2012-03-30 02:23:18', '1C2N08CTED', False, 'Unde magni qui, aut repellendus omnis ullam et magni provident error minus earum rerum voluptas. Non totam iure sed itaque alias reprehenderit aut praesentium laborum et commodi provident voluptatem aspernatur? Sed consequuntur ipsam accusamus blanditiis hic in alias porro molestiae quia sunt error repudiandae unde. Totam et quis et, nisi optio consectetur excepturi sunt et velit laborum iusto vero pariatur; quam repellendus quod sit magni quo ipsam labore ex et ex commodi consequatur sed facere. Possimus eveniet inventore eum qui sed unde ut omnis provident eaque ut sed, numquam quibusdam. Soluta totam et iste at cumque sed mollitia et provident eveniet ipsam mollitia quaerat perspiciatis; vel illo earum, distinctio assumenda omnis eligendi iusto dolorum adipisci officia natus molestiae beatae repudiandae. Omnis labore et corporis dolores quia est quia, est quasi odit quis fuga doloremque facere. Fugiat quia necessitatibus sapiente atque reiciendis vero a labore nemo fugit voluptas suscipit earum aut. Sed minima qui similique omnis ratione est ad ut nam eligendi asperiores et nulla ut.\r\nAccusamus esse omnis sint qui nisi qui est eum maxime at voluptas eum eveniet consectetur. Aut quod et, sit ipsam rerum error nihil sed ratione voluptatum est ducimus eveniet dicta. Rerum placeat rerum error quia at laborum perferendis iste ut harum sit cumque pariatur alias. Culpa vitae corrupti, quo reprehenderit dicta delectus esse mollitia dolores sint error sed voluptatem maiores. Ex ut et saepe labore officiis dolorem et obcaecati natus ut natus sed porro deserunt; quia unde quis sed qui at exercitationem enim reiciendis harum molestias ex ut id pariatur. Voluptatem eos, voluptate pariatur quasi veritatis ut porro officiis saepe adipisci minima ab ex numquam. Tenetur et ut est et itaque praesentium sequi iste ut dolore accusamus facere inventore et. Architecto aliquid nemo, quae ex consequatur iste unde eos magni laboriosam autem eveniet consequuntur blanditiis. Ea harum quo ab, quaerat eum quas inventore aut et asperiores vel perferendis et error! Harum quae iusto culpa illum voluptatem natus dolores eligendi, voluptatem fugiat nihil ipsam quia facilis. Sunt blanditiis voluptatem iusto est, fugit amet quos dolores omnis ut deleniti ea eum temporibus. Sit consequatur dicta omnis magni iste incidunt cupiditate placeat sit officia et aut error est; sed laudantium aut ea dolorum et voluptatem aut et veniam error praesentium molestiae dolor omnis; est aut et ea voluptatum quasi eos laboriosam eaque officiis ipsa perspiciatis dolor aut aliquam. Accusamus possimus natus, ab labore repudiandae voluptatem ipsa est et ullam et fugiat sed laboriosam. Nostrum sed distinctio deserunt velit cumque et explicabo voluptas culpa labore omnis esse id sunt. Perferendis et voluptatibus, cupiditate voluptatem aut sint soluta distinctio ut sed dolore fugit sapiente quasi.\r\nEnim autem doloribus qui rerum iste ut voluptas cumque aut ut fuga veritatis magni voluptatem. Pariatur nihil necessitatibus qui, ullam repellendus aliquid assumenda corporis delectus nostrum tenetur hic illum rerum. Expedita impedit natus facere perferendis sed ea vitae voluptatem magni et error sed ratione minus. Sapiente quos, sed et totam rerum obcaecati dolorem quidem placeat ut iste assumenda ex est. Ipsum dolores unde omnis corrupti in omnis odit et enim minima quia consequatur voluptas tempore. Natus sunt dolorem hic quidem et earum eveniet neque beatae omnis debitis placeat voluptate est? Aliquam veniam aut iste in tempore fugit est et asperiores sapiente nemo ea pariatur amet. Eos et unde nihil amet, deserunt nulla quod vero sit quia tempora dicta in tenetur. Dolorem earum, praesentium magni autem quod quo autem nam aut iusto aspernatur sit aut consequuntur! Ea magnam laboriosam aliquid consequatur iste corporis blanditiis iure hic quam ut accusantium illo ut.', NULL, 'Marya Labbe', '2021-10-09 14:48:42', NULL);

--
-- Inserting data into table orderdetail
--
INSERT INTO orderdetail(OrderDetailID, OrderID, ProductID, Quantity, UnitPrice, CreatedDate, CreatedBy, ModifiedDate, ModifiedBy) VALUES
('7f9589fa-2b58-5866-1c93-373516031d8e', '4ddd46a8-42d2-6d26-1191-0af2c7f2a1a0', '493bb3e1-766d-55a9-c0c6-d72f24192909', 54, 645, '2022-01-20 00:00:01', 'Abdul Franz', '2014-05-18 00:18:56', 'Christian Laporte'),
('28186996-5b5b-7729-455f-1885b89fc8fc', '5017b949-77c1-2758-e5f2-17995bf2968c', '72fe93fd-517a-1729-db18-0ccabe85ff46', 38, 934, '2022-01-28 20:37:02', 'Dana Bethea', '1970-01-01 00:11:32', 'Reynaldo Ackerman'),
('5b6e9fc7-1e70-4fd4-0448-b983316b8374', '4fac4b9e-6c96-177f-d292-0ed10b503732', '31364645-14ed-27fc-d711-56e108b1c222', 63, 906, '2022-02-05 06:00:44', 'Jeromy Vanburen', '2009-05-24 01:29:22', 'Adalberto Aldrich'),
('1ba4c500-5a33-4cef-3709-69a9b1bfbc32', '4a756255-60b4-6d83-d392-0ed10b503732', '6e33d899-6a6c-5534-bfc6-d72f24192909', 91, 946, '2022-02-12 04:52:40', 'Adan May', '1984-01-30 19:11:02', 'Temeka Higgs'),
('2643c0f2-5381-7a86-1d93-373516031d8e', '7c6369f2-18d3-679e-d7ab-8b7af6721bcf', '394b238c-2ef4-4298-5333-57d1d013a38f', 76, 264, '2022-01-21 00:01:18', 'Charline Berman', '1970-01-01 02:03:38', 'Antonio Batson'),
('5c549d77-1e58-4d4e-1fbe-eaf7cc272319', '4e4dd06a-1a04-681f-29dc-88a3ac8a3bba', '21d97f61-513d-59dc-abb3-cad96b318fc3', 56, 778, '2022-01-20 13:59:21', 'Roosevelt Lloyd', '1975-07-10 14:48:47', 'Rick Speer'),
('31a38fa9-4c3b-4cf0-0548-b983316b8374', '592b006d-6335-6101-edf6-092cdb0ab5e8', '5db23f21-65b9-3ea7-244c-4663158f29cd', 63, 732, '2022-02-19 10:24:51', 'Carson Burley', '1972-05-15 15:17:09', 'Gary Penn'),
('4a084a3f-5d99-1372-b433-62dd4e858bad', '60e353a5-58e0-5144-d8ab-8b7af6721bcf', '28048e4e-650a-6f62-3a97-c414fa26c3e6', 23, 916, '2022-01-20 00:00:06', 'Gabriel Cheatham', '1970-01-01 00:00:09', 'Kent Crittenden'),
('6d825400-4c66-515a-1e93-373516031d8e', '35251a6d-3944-4983-ba47-901f27b89d18', '61b9cb60-344e-7294-f363-8a7ba31d9960', 64, 252, '2022-01-20 00:00:09', 'Elfrieda Fennell', '1981-06-03 19:25:14', 'Larry Grissom'),
('5a851e09-4a52-7284-0648-b983316b8374', '2d2631c0-30a8-1850-bb47-901f27b89d18', '33c6d4c6-4389-65c9-d811-56e108b1c222', NULL, NULL, NULL, NULL, NULL, NULL);

--
-- Inserting data into table receiptdetail
--
INSERT INTO receiptdetail(ReceiptDetailID, ReceiptID, ProductID, Quantity, UnitPrice, Note, CreatedDate, CreatedBy, ModifiedDate, ModifiedBy) VALUES
('17534976-490f-5ca8-aac7-b3346301782e', '33348a66-6edd-1fde-c371-023dd9ee80a8', '493bb3e1-766d-55a9-c0c6-d72f24192909', 67, 401, 'As a resultant implication, the negative impact of the effective time management must stay true to the minor details of development methodology.  \r\nAnother way of looking at this problem is to admit that the matter of the strategic decision highlights the importance of the coherent software. We must be ready for final draft and basic reason of the major outcomes investigation of the subsequent actions.  ', '2007-01-18 00:48:15', 'Aleida Goforth', NULL, NULL),
('4295d2c7-36a1-572f-683b-801cd82cdd42', '73b54309-388b-5f8d-dbbc-80eebd861ac2', '72fe93fd-517a-1729-db18-0ccabe85ff46', 63, 211, 'Let''s not forget that the total volume of the essential component commits resources to the minor details of ability bias.  \r\nThat being said, there is a direct relation between the structured technology analysis and the patterns of the potential role models. However, a significant portion of the software engineering concepts and practices has a long history of an importance of the comprehensive set of policy statements.  \r\nBy the way, in terms of the essential component makes no difference to the flexible production planning. Therefore, the concept of the crucial component can be treated as the only solution.  ', '1970-01-01 00:01:04', 'Patrick Perales', '2018-07-02 18:33:04', 'Rhett Rayford'),
('3a02094a-64fe-51d3-2a40-483f16f4f2f6', '1d924db9-12ea-7c5f-966e-03fef0add176', '31364645-14ed-27fc-d711-56e108b1c222', 27, 918, 'Keeping in mind that final stages of the structure absorption must be compatible with complete failure of the supposed theory.  \r\nAnother way of looking at this problem is to admit that there is a direct relation between the source of permanent growth and a key factor of the permanent growth. However, the growth of the crucial development skills stimulates development of what is conventionally known as continuing support.  \r\nThe the condition of the design patterns gives less satisfactory results. At the same time, however, the interpretation of the skills becomes extremely important for this participant evaluation sample. This can eventually cause certain issues.  ', '2021-06-09 20:14:40', 'Felipe Franco', '2005-07-15 03:25:39', 'Bernardo Fredericks'),
('470dd012-7886-75fc-8186-fecdbcc4765c', '62d5265a-5d7b-2bca-223a-e116be82f154', '6e33d899-6a6c-5534-bfc6-d72f24192909', 39, 568, 'From these facts, one may conclude that there is a direct relation between the functional testing and the utilization of the commitment to quality assurance. However, the evolution of the data management and data architecture framework offers good prospects for improvement of the individual elements. The real reason of the diverse sources of information carefully the set of system properties. This could constantly be a result of a predictable behavior the existing network or the content strategy.  \r\nThere is no doubt, that Abdul Earley is the firs person who formulated that the optimization of the essence gives us a clear notion of an importance of the program functionality.  \r\nRegardless of the fact that either application rules or diverse sources of information makes no difference to the strategic decisions. Thus a complete understanding is missing.  \r\nFrankly speaking, details of the comprehensive methods may motivate developers to work out complete failure of the supposed theory.  \r\nThe most common argument against this is that the negative impact of the feedback system provides benefit from the minor details of strategic planning.  \r\nFrom these arguments one must conclude that the assumption, that the performance gaps is a base for developing the condition of the principles of effective management, rationally illustrates the utter importance of every contradiction between the linguistic approach and the corporate asset growth.  \r\nIn spite of the fact that the main source of the formal action can partly be used for the coherent software. Everyone understands what it takes to every contradiction between the comprehensive set of policy statements and the key principles the key principles. Everyone understands what it takes to the first-class package. The real reason of the structural comparison, based on sequence analysis objectively the corporate asset growth an importance of the relational approach the questionable thesis, it is worth considering that a large action of the design of the development methodology has proved to be reliable in the scope of the general features and possibilities of the network development.  ', '1972-12-05 03:10:31', 'Eric Gerald', '1994-05-17 07:38:29', 'Lanelle Loftin'),
('422b843f-70b6-2496-693b-801cd82cdd42', '64112187-6592-24f7-afb9-81afd5456b90', '394b238c-2ef4-4298-5333-57d1d013a38f', 75, 402, 'As concerns each of the storage area, it can be quite risky. But then again, efforts of the development process  has a long history of the minor details of operational system.  \r\nWe cannot ignore the fact that the possibility of achieving a broad understanding of the performance gaps, as far as the standards control is questionable, can turn out to be a result of the major and minor objectives on a modern economy.  \r\nIn the meantime a justificatory action of an assessment of the product design and development provides a prominent example of the corporate asset growth. The systematization is quite a explanatory matter.  ', '2021-12-25 11:58:50', 'Clay Abrams', '1970-01-01 00:51:03', 'Lynnette Applegate'),
('40982e50-6653-1215-15f5-c98d315c59dd', '373c4bda-7436-26ca-43ac-28d3b409e320', '21d97f61-513d-59dc-abb3-cad96b318fc3', 23, 775, 'Which seems to confirm the idea that the understanding of the great significance of the valuable information remains the crucial component of the development process . We must be ready for technical terms and matters of peculiar interest investigation of the product design and development or the vital decisions.  \r\nIt is worth emphasizing that the major accomplishments, such as the corporate asset growth, the product functionality, the principles of effective management or the base configuration enforces the overall effect of the preliminary action plan.  \r\nThat being said, the core principles likely every contradiction between the sufficient amount and the application interface the primary element. Therefore, the concept of the hardware maintenance can be treated as the only solution.  \r\nIt should be borne in mind that the core principles becomes a serious problem. Conversely, the major accomplishments, such as the data management and data architecture framework, the structured technology analysis, the tasks priority management or the entity integrity the conceptual design the high performance of an initial attempt in development of the quality guidelines. A solution might be in a combination of system mechanism and feedback system the preliminary action plan.  \r\nIn short, support of the big impact indicates the importance of the structural comparison, based on sequence analysis. Such tendency may strategically originate from the structured technology analysis.  \r\nTo be more specific, final stages of the principles of effective management can hardly be compared with the questionable thesis.  \r\nOne should, however, not forget that the understanding of the great significance of the influence on eventual productivity minimizes influence of complete failure of the supposed theory.  \r\nIt is obvious, that the explicit examination of corporate asset growth requires urgent actions to be taken towards what is conventionally known as coherent software.  ', '2007-07-21 19:44:20', 'Morris Moen', '1977-07-11 15:16:45', 'Sabra Ostrander'),
('154d2cf8-3b5b-5c65-c480-872c02b7d2a6', '7d0cb27f-5134-5a7a-3ecd-da15c50e55e9', '5db23f21-65b9-3ea7-244c-4663158f29cd', 84, 179, 'Which seems to confirm the idea that an basic component of the total volume of the development process  should focus on the system mechanism. It may reveal how the closely developed techniques easily the first-class package. The breach is quite a comprehensive matter the production cycle. The real reason of the continuing knowledge doctrine highly the individual elements. This seems to be a seamlessly obvious step towards the basic reason of the structure absorption the subsequent actions. It may reveal how the integration prospects effectively the project architecture. Thus a complete understanding is missing the positive influence of any storage area.  \r\nIt is necessary to point out that the dominant cause of the the profit gives an overview of the outline design stage. We must be ready for system concepts and content strategy investigation of the development sequence or the emergency planning.  \r\nOn the assumption of dimensions of the pending limitation, any further consideration provides benefit from what can be classified as the integration prospects.  \r\nFocusing on the latest investigations, we can positively say that the interpretation of the basic feature needs to be processed together with the the flexible production planning. This seems to be a consistently obvious step towards the vital decisions.  \r\nNotwithstanding that concentration of after the completion of the performance gaps basically the positive influence of any task analysis the best practice patterns in terms of its dependence on the entire picture.  \r\nIn the meantime the influence of the relation between the basics of planning and scheduling and the vital decisions benefits from permanent interrelation with complete failure of the supposed theory.  ', '1970-01-01 00:37:23', 'Leonardo Archuleta', '1970-01-01 01:55:50', 'Sun Mccorkle'),
('3ba5bdd4-158a-55c7-2b40-483f16f4f2f6', '1afa1cab-40d2-3cb9-0aef-6265d9ea573b', '28048e4e-650a-6f62-3a97-c414fa26c3e6', 23, 258, 'As a matter of fact with help of the deep analysis combines the technical terms and the referential arguments. In any case, we can consistently change the mechanism of the software functionality on a modern economy.  \r\nOne of the most striking features of this problem is that the core principles seems to be suitable for the ultimate advantage of qualified loss over alternate practices.  \r\nThere is no doubt, that Denver Tate is the firs person who formulated that all approaches to the creation of with help of the valuable information contributes to the capabilities of the share of corporate responsibilities. Therefore, the concept of the resource management can be treated as the only solution.  \r\nBut other than that, concentration of segments of the constructive criticism offers good prospects for improvement of the major outcomes. We must be ready for set of system properties and quality guidelines investigation of this crucial component. This can eventually cause certain issues.  ', '1987-02-18 03:28:56', 'Jimmy Dexter', '2007-05-25 00:49:54', 'Luciano Cupp'),
('711510bd-606e-7b68-ddcb-05dee64e6cc0', '3ae3784c-2d94-77b4-2a61-aa21d0714907', '61b9cb60-344e-7294-f363-8a7ba31d9960', 94, 682, 'Conversely, details of the essential component manages to obtain the comprehensive set of policy statements. We must be ready for effective mechanism and network development investigation of the more principles of effective management of the functional programming.  \r\nTo sort everything out, it is worth mentioning that in terms of the internal resources underlines the limitations of an importance of the application interface.  \r\nIn short, the negative impact of the continuing connection doctrine must stay true to what is conventionally known as technical requirements.  \r\nIn a loose sense within the framework of the the profit cannot rely only on the base configuration. Therefore, the concept of the potential role models can be treated as the only solution.  \r\nTo straighten it out, the initial progress in the basics of planning and scheduling should set clear rules regarding the ultimate advantage of enriched control over alternate practices.  \r\nTo put it mildly, the problem of the edge of the preliminary network design provides rich insights into the final draft or the existing network.  \r\nDoubtless, a significant portion of the task analysis is traditionally considerable. However, an assessment of the internal network shows a stable performance in development of the preliminary action plan. A solution might be in a combination of subsequent actions and program functionality the systems approach. It should rather be regarded as an integral part of the structure absorption.  \r\nTo straighten it out, the exceptional results of the network development results in a complete compliance with the ultimate advantage of proposed emergency over alternate practices.  \r\nAt any rate, the growth of the internal policy is of a great interest. What is more, the edge of the treatment must take into account the possibility of the positive influence of any specific decisions.  ', '1970-01-01 00:09:06', 'Leigh Amato', '1982-05-29 07:23:06', 'Adan Caraballo'),
('238671a0-30fa-5360-8286-fecdbcc4765c', '25f3965e-12d8-47e7-976e-03fef0add176', '33c6d4c6-4389-65c9-d811-56e108b1c222', NULL, NULL, NULL, NULL, NULL, '1986-03-19 03:29:08', 'Shera Schulte');

--
-- Inserting data into table comment
--
INSERT INTO comment(CommentID, ProductID, CustomerID, FullName, Content, Email, PhoneNumber, CreatedDate, CreatedBy, ModifiedDate, ModifiedBy) VALUES
('3f8e6896-4c7d-15f5-a018-75d8bd200d7c', '493bb3e1-766d-55a9-c0c6-d72f24192909', '60676', 'Norris Calderon', 'LQYL881P3ZSNT396Q59C29798MDL2V9L92J7RGW528B6D07134H', 'NorrisCalderon@example.com', '01251', '1970-01-01 02:13:43', 'Elwood Ligon', '2018-07-26 01:08:59', 'Yadira Villanueva'),
('45ac3d26-18f2-18a9-3031-644313fbb055', '72fe93fd-517a-1729-db18-0ccabe85ff46', '15938', 'Aileen Pitts', 'C3S3F416651XCCD5G', 'TaggartY@example.com', '27120', '2017-03-02 05:19:00', NULL, NULL, 'Britta Ayres'),
('7c4f14d8-66fb-14ae-198f-6354f958f4c0', '31364645-14ed-27fc-d711-56e108b1c222', '96821', 'Alaine Hickey', 'LX30948D9AX6T', 'JoeannPHuang@example.com', '96561', '2001-02-06 10:08:43', 'Courtney Abernathy', '1988-04-21 02:03:50', 'Bernard Creighton'),
('78aafe4a-67a7-2076-3bf3-eb0223d0a4f7', '6e33d899-6a6c-5534-bfc6-d72f24192909', '11427', 'Trey Christopher', 'Q2D16150MEGZTJ5Z2RLH1U1CY9MLQ6A7F1J816R2O1Z2X1EXGIN1I62B129PWJ93K3543V28CSG2L62A75GMD5207D8I46091550TPQT0OP5Q4K6M8659Z5X9BLA30754R05PLY3YPT6XDW722', 'Ada_Anglin6@nowhere.com', '23679', '2011-12-14 14:55:03', 'Rose Aiello', '2021-03-20 02:27:19', NULL),
('35e773ea-5d44-2dda-26a8-6d513e380bde', '394b238c-2ef4-4298-5333-57d1d013a38f', '12831', 'Monroe Gatewood', 'AS1MN4DEW0OO4C12C27A8YL89Y2U1619QRO83Q8V5S5Y0', 'LoydBranham258@example.com', '15656', '1988-10-16 10:08:56', 'Natashia Blaylock', '1991-10-12 16:20:42', 'Merle Reiter'),
('647a538e-630d-39cd-0144-e5a214c15aa7', '21d97f61-513d-59dc-abb3-cad96b318fc3', '27438', 'Adolfo Parks', 'Q02C1815MIM1PB6389IM8O081VF3N2FX11A25RO178OC1UB4G12CL6D39860UOUQIF4S', 'oytxgpgm.ebekzhq@example.com', '35715', '2004-03-02 14:08:22', 'Lonna Dion', '1999-09-10 17:56:36', 'Wilfredo Southern'),
('75cce5a6-4f7f-3671-3cf3-eb0223d0a4f7', '5db23f21-65b9-3ea7-244c-4663158f29cd', '91981', 'Waltraud Lerma', '780FN1Q368KOPU9SV8EY9N8', 'SamuelGunn@example.com', '75530', '2009-05-20 04:32:22', 'Kareem Yazzie', '2020-04-02 04:09:08', 'April Fife'),
('6f45e010-3200-5943-27a8-6d513e380bde', '28048e4e-650a-6f62-3a97-c414fa26c3e6', '98918', 'Clair Montes', 'AO24FQBN7B3S516HVJ587PAAC4CFSF4VO1Y01S2K8U7B3', 'Burgos@nowhere.com', '58469', '2017-03-02 05:19:01', 'Herschel Samples', '1970-01-01 00:09:27', 'Vivienne Goodson'),
('7c48a057-3c21-3db0-06a4-60fcae00630c', '61b9cb60-344e-7294-f363-8a7ba31d9960', '27381', 'Lyndsay Biggs', '1O', 'Moreno@nowhere.com', '90983', NULL, 'Hayden Prichard', '1970-01-01 00:15:15', 'Dorian Conaway'),
('26fe1532-7e63-6a11-1a8f-6354f958f4c0', '33c6d4c6-4389-65c9-d811-56e108b1c222', '67589', NULL, NULL, NULL, '29888', '2011-12-14 14:55:04', 'Tosha Dozier', '1995-07-01 19:01:04', 'Leonila Malone');

--
-- Inserting data into table evaluation
--
INSERT INTO evaluation(EvaluationID, ProductID, CustomerID, CustomerName, Email, PhoneNumber, Rate, Content, Status, CreatedDate, CreatedBy, ModifiedDate, ModifiedBy) VALUES
('447816de-6069-15bf-de3d-c9e9e9038fe2', '493bb3e1-766d-55a9-c0c6-d72f24192909', '42721', 'Trent226', 'Alexia_Dobbins8@example.com', '82341', 0, '3', False, '2002-06-19 02:22:09', 'Trent Dobbins', NULL, NULL),
('3541ff76-58f0-6d1a-e836-63d5d5eff719', '72fe93fd-517a-1729-db18-0ccabe85ff46', '70235', 'Alexandra2015', 'vnlx5987@nowhere.com', '35616', 1, '863S39', True, '1980-03-12 19:44:38', 'Araceli Kingsley', '2004-03-13 10:35:07', 'Gale Elliott'),
('39446ba3-3071-7af6-a5a9-deaf32c96293', '31364645-14ed-27fc-d711-56e108b1c222', '31862', NULL, NULL, '99399', 0, NULL, NULL, '1974-12-25 05:20:37', NULL, '2006-09-09 00:39:55', 'Damien Gibbs'),
('79aca385-65e3-1ebe-f488-479bce9b28fc', '6e33d899-6a6c-5534-bfc6-d72f24192909', '25376', 'Arsenault944', 'Allen@example.com', '82060', 0, '1K2M6M018K73F7S', False, '1995-06-19 09:22:35', 'Kim Charlton', '1979-04-12 23:37:23', 'Kareem Culver'),
('71952621-23c8-61d2-d0eb-e423f1575e00', '394b238c-2ef4-4298-5333-57d1d013a38f', '30090', 'Cleary6', 'Bradbury@example.com', '95270', 2, '36L121G02H0RIE2', False, '2000-09-04 23:46:35', 'Brett Abney', '1975-11-26 22:28:30', 'Houston Contreras'),
('423d5b84-2191-6cce-df3d-c9e9e9038fe2', '21d97f61-513d-59dc-abb3-cad96b318fc3', '54030', 'Adam1966', 'Marci_Peterson485@example.com', '75258', 2, '70901I03W', False, '1974-12-25 05:20:38', 'Althea Heath', '2021-06-28 18:11:44', 'Alonzo Calvin'),
('48b51439-3625-6c0c-7532-03c92da59c43', '5db23f21-65b9-3ea7-244c-4663158f29cd', '13550', 'Adelina79', 'Tristan.Mcgregor65@example.com', '51197', 4, 'T705H0T18O998', False, NULL, 'Colton Ackerman', '2017-01-16 02:13:06', 'Trudie Abney'),
('2102924a-510c-7251-a026-71cca92946bf', '28048e4e-650a-6f62-3a97-c414fa26c3e6', '58852', 'Margorie3', 'fjfn7678@nowhere.com', '96299', 0, '465K8Y93FG6EG391H6PPAOY2UOX1GP80VCA', False, '1990-10-10 22:28:35', 'Lonna Mccurdy', '1997-04-04 15:44:55', 'Alane Patrick'),
('74b4ef62-677e-21c3-88db-f21ac591aca5', '61b9cb60-344e-7294-f363-8a7ba31d9960', '80185', 'Swanson4', 'Abrams@nowhere.com', '26208', 0, '8CP063', False, '2013-05-04 13:32:10', 'Abigail Mclemore', '1970-01-01 00:03:18', 'Berry Pedersen'),
('174ffc6c-4080-4bc3-a126-71cca92946bf', '33c6d4c6-4389-65c9-d811-56e108b1c222', '26634', 'Lupita4', 'Arndt@example.com', '01467', 0, 'HA', False, '2007-09-05 16:46:09', 'Ward Provost', '2007-12-16 06:51:53', 'Maria Abney');

--
-- Inserting data into table featureproduct
--
INSERT INTO featureproduct(FeatureProductID, FeatureID, ProductID, Description, CreatedDate, CreatedBy, ModifiedDate, ModifiedBy) VALUES
('6fd9cee5-30b5-5670-79ff-f8ad76748b41', '11131843-6f2a-7a2b-5052-ee3684e78c27', '493bb3e1-766d-55a9-c0c6-d72f24192909', 'Labore inventore est dolorum quia dolor ad voluptatem nulla error recusandae voluptas accusantium iste ea; amet nisi, recusandae ut voluptas quam nihil ipsam eos suscipit consequatur hic reprehenderit ut illum...\r\nMolestiae aut, officiis aut reprehenderit omnis natus dolore unde iste sit non voluptatem reprehenderit esse. Eaque excepturi aut exercitationem recusandae quia perspiciatis et quod perspiciatis sint error molestiae voluptate dolore. Quibusdam voluptatem cum perspiciatis animi ut perspiciatis amet perspiciatis minima illo iusto laboriosam aut perspiciatis. Est repellendus dolores et sint quo illo accusantium error sed, sunt rerum et iste necessitatibus! Nobis delectus corrupti, repudiandae esse temporibus laudantium et iste iure sit error iste cupiditate consequatur. Sequi excepturi eum dolorum necessitatibus error omnis maiores, placeat minus adipisci quia distinctio error consectetur; ut explicabo omnis sed temporibus sint, labore mollitia itaque exercitationem perspiciatis quibusdam vitae beatae est. Sunt voluptatibus tempora iusto sit quia impedit omnis nobis ex sunt tempore culpa dolor voluptatem! Tempora ullam aut voluptatem rerum consequatur minima accusantium laborum a nostrum, consequuntur aut magnam qui. Et veritatis, autem veniam veritatis omnis quae odit omnis quo tempore ut suscipit fugiat aut. Quam iste consequatur deleniti a recusandae totam minima sed quis voluptas modi consequatur similique ad! Nisi molestiae fugiat dicta saepe sunt natus consectetur numquam est at aperiam corrupti natus iste. Unde quidem hic perspiciatis, et ut corporis in accusamus nihil perspiciatis atque expedita aut quo? Necessitatibus est iste sit, libero sit veritatis cumque similique dolore ex sunt similique illum molestiae. Voluptas rerum sed, ducimus eum possimus dignissimos et vel praesentium eum quisquam asperiores sit consequatur. Quas explicabo velit voluptatem rerum aliquid obcaecati ut sequi quia illo accusamus aut sit aut. A amet voluptates sed molestiae cupiditate est minus voluptates quidem in sapiente molestias aut maxime.\r\nAut qui, rerum quos libero voluptatem eos eligendi fugit sunt obcaecati dolor consequatur temporibus natus. Aut quia quis porro doloremque esse voluptatibus qui quaerat deleniti laborum aut ut vitae unde; doloribus molestiae atque autem aut dolorum nihil natus est libero dolorem minus ipsum modi sed? Dignissimos sit voluptas ut qui soluta fuga at iste natus et aut alias perspiciatis itaque. Cum repudiandae vel non ducimus sequi sed omnis aperiam nesciunt eligendi accusamus voluptas sunt dicta. Est vitae nihil minus, eos nobis distinctio velit perferendis tempore numquam necessitatibus vel obcaecati ab.', '1990-05-26 00:43:58', 'Catherina Overstreet', '1970-01-01 01:51:14', 'Alana Willett'),
('3f7bb059-6c87-1b53-7f6a-e0860b0602ba', '34e2b4cc-3758-293d-7aa4-4b24de418577', '72fe93fd-517a-1729-db18-0ccabe85ff46', 'Incidunt natus laborum, consectetur et omnis nulla magnam quam molestiae autem eos pariatur omnis ratione. Veniam voluptatum placeat maiores ut quasi et eligendi explicabo suscipit inventore deserunt omnis voluptatem ea. Vitae qui, unde et culpa aut omnis veritatis eos accusantium voluptatum iure et ullam autem? Quibusdam qui eligendi perspiciatis, aut natus debitis iure repellat unde non vel est architecto iste. Ea quis animi voluptates repellat sint ab dolorem dignissimos sapiente rerum voluptatem iusto voluptas optio! Facere libero sed ea inventore consequatur aut alias assumenda ut placeat quia sint dolores optio. Voluptatum aliquam sint quia id quis omnis aliquid aperiam unde aut in eos repudiandae quasi? Totam ullam quia laudantium error aut illum similique ipsum velit in voluptatem dicta aspernatur officiis. Saepe laborum et accusantium voluptatem dolores et aut inventore dolor inventore officia omnis laborum a? Et quas esse voluptatem et, voluptatem unde quis ut qui et error laboriosam eaque voluptates! Amet necessitatibus fuga sequi quo perspiciatis eum et accusantium eaque beatae necessitatibus fugiat impedit qui. Quas vel et omnis ut reprehenderit dolorem, assumenda quis rem sed provident iure aliquid et? Perferendis distinctio velit laborum enim tempora maiores officia nam voluptate voluptatem vitae aut sit velit. Maiores cumque modi eius, hic ratione porro quidem totam accusantium ea enim non quia sequi. Recusandae totam voluptas dignissimos labore harum odit et eligendi magni quaerat illo ad quibusdam libero! Porro ad, dignissimos officiis delectus sapiente molestiae eaque nihil commodi vel incidunt accusantium nisi ipsa.\r\nTempore tempora et sit dolores similique ut modi ratione optio sit quas animi eaque error. Veritatis eum error repellat unde, omnis saepe in quisquam delectus nostrum et deserunt possimus eveniet! Minima enim voluptatem, maiores in sit distinctio corrupti et facere eum iure quod nihil eum. Est fuga fugit, ipsam quod unde error esse aut enim aut delectus totam alias nulla. Voluptas qui illum totam qui iure perspiciatis qui sint non perferendis exercitationem est qui rerum? Dolorum sed, cum assumenda aut nobis animi non incidunt nobis consequuntur beatae qui quaerat eligendi! Eum qui magnam aut similique possimus qui unde sit, eaque sit quas voluptatem tenetur ea; sunt non natus omnis sapiente sed quia fugiat, qui ipsam consequatur voluptate consectetur perspiciatis ullam; accusamus perspiciatis quis distinctio omnis repudiandae dolorem sunt sit autem quasi, aut rerum sed iste? Voluptatum minima voluptas dicta dolores debitis illo quia omnis reiciendis possimus dolores reprehenderit eum aspernatur; quia optio sed aliquam nihil possimus molestias qui ea illum iure recusandae quia minima tempore. Facere omnis inventore illo error est aliquid, nulla sed magnam ex dolore iusto unde labore! Eligendi aut, consequuntur suscipit quas rerum ullam sed numquam sit animi iste quia ad qui. Aliquam quia voluptatem omnis deleniti qui similique architecto, ducimus nihil qui atque iste error rerum! Eaque aut quas pariatur et fugit enim doloribus exercitationem doloribus nulla voluptatem sit dolor dolorem. Numquam saepe ex impedit ea nostrum sapiente nobis at, quia nisi omnis sit tempora sed? Repellendus vero laudantium quia, modi est sed quia dolores provident molestiae laudantium molestias enim obcaecati. Rerum voluptatem quae molestias ea neque consectetur accusantium aut numquam blanditiis nihil ad quam odit...', '2004-12-16 04:06:16', 'Stacey Mccune', '1970-01-01 00:00:18', 'Carlee Kauffman'),
('676c50b7-4130-6122-b044-6bc098520b79', '3e39129b-279f-623f-88ea-778aee59fea3', '31364645-14ed-27fc-d711-56e108b1c222', 'Adipisci doloribus et animi aut velit nobis tempore asperiores rem quia veniam voluptas a amet.', '2020-09-06 08:03:37', 'Abram Koontz', NULL, NULL),
('6e0e23cc-5dbb-6fe0-8b0b-d111d7560dd1', '2000637a-2a69-2e7e-a135-f63bd3f197bd', '6e33d899-6a6c-5534-bfc6-d72f24192909', 'Cupiditate ex, facilis qui est cumque et impedit exercitationem numquam perferendis obcaecati fugit ipsam voluptates. Placeat modi commodi unde vel tempora eum iste architecto assumenda eius dolor et magnam sed. Accusantium deserunt sit neque, sit facere ipsa qui ad sed modi quasi atque est qui; porro voluptates consequatur sed quas nostrum sed aut consequatur mollitia dolores natus eligendi vero architecto. Sit id quaerat nesciunt iusto, labore nulla aliquid vel non et in est quibusdam vel? Ea et molestiae quam vel non esse dolorem unde sit dolorem quo rerum delectus aut! Recusandae enim nihil enim quo aliquid omnis sit nemo natus est enim quam ipsum consequatur. Dolore quos doloremque est deleniti dignissimos, fugit sed molestias fugiat omnis et est sit et; ut voluptatibus in ut omnis officia et perspiciatis ab minus voluptatibus iste enim praesentium deleniti. Omnis inventore harum perspiciatis sed odit debitis ut reiciendis sint dignissimos consequatur omnis neque voluptatem. Vel a, maxime mollitia harum unde id temporibus exercitationem fugit odit rem et quia et. Rem et debitis excepturi minus vitae unde quia perspiciatis ipsa itaque perferendis quod quaerat dolorem; illum porro est inventore adipisci sequi nam, dignissimos sed amet quo accusantium quia et ipsum. Enim impedit, sed qui error adipisci impedit perspiciatis voluptatem ipsa ducimus natus magnam perspiciatis placeat. Repellat sit natus perspiciatis nemo sed dicta aut impedit quia odit similique ullam magni omnis. Est ex, quas sunt quos ut perferendis est ullam sit natus fugiat ipsa delectus dolorem...\r\nQui velit nobis aperiam non possimus atque nisi omnis odit laudantium et beatae cum rem.\r\nDistinctio provident dolor voluptatem sunt natus, blanditiis rem laudantium ut sed ipsa delectus molestiae eligendi. Quibusdam amet quis sunt sed nemo quos autem sit saepe velit et eveniet est numquam! Cum sed impedit ut at et facilis repudiandae distinctio unde rerum nobis fugit est quisquam. Quae qui dolores ratione sunt sed eos quam est minima fuga quo magni aut quasi.', '1985-04-27 02:42:09', 'Garth Stahl', '2002-01-25 00:33:44', 'Lizabeth Kang'),
('1c1fcd85-59ec-7f23-924a-775f5b0c255b', '30007451-29ff-4fe4-3707-70859f4ff30d', '394b238c-2ef4-4298-5333-57d1d013a38f', NULL, NULL, NULL, '1986-05-30 03:19:47', 'Adriene Booth'),
('31df9e9c-56fc-3664-a156-4fc3bbeea6ea', '2cae53dc-6c39-2a1e-4df6-9777a5de214b', '21d97f61-513d-59dc-abb3-cad96b318fc3', 'Impedit sed qui, perspiciatis enim sit minus ratione sit quae sed architecto libero voluptas voluptatem. Esse corporis eum id assumenda, expedita ex est quos consequuntur sit illo ut neque voluptatum. Et tempora voluptas est reiciendis dolor assumenda quo doloribus aut qui ut laborum omnis ullam? Et voluptatem, harum est facere consectetur saepe consequuntur et quas eos dignissimos laborum et consectetur. Magnam eveniet quod tenetur consequatur inventore aut ut fugit non incidunt aut ullam impedit nostrum. Officia dolores numquam veniam sed fuga error et asperiores alias suscipit culpa cum modi officia!\r\nSed non similique dicta cum fugiat voluptas porro ut aut consequuntur eos ut dolore veniam. Natus excepturi maxime quisquam qui sit unde iste esse deleniti aut ab quia distinctio reprehenderit? Eos voluptas debitis quae tempore error quaerat obcaecati non aut nostrum rem repellendus voluptas dicta! Alias provident, perferendis id quidem ut corrupti fugiat minus qui asperiores necessitatibus nihil est et. Ut est eaque porro, aut fuga numquam unde eum eos et eos repellat nostrum quibusdam. Et aut quas quod, voluptatem maiores totam sint ut assumenda quia reprehenderit veniam sed est. Alias aut, quod error iusto ex natus nisi qui ex dolor unde nostrum non ratione. Ipsum eum quo dolorem totam, quia vitae qui aut molestias nesciunt sint consequatur id consectetur! Voluptatem quaerat blanditiis, veniam iste pariatur suscipit eaque et error ea ducimus quasi voluptatum nesciunt. Quia necessitatibus quod ea praesentium cum aspernatur et, hic provident distinctio quia a ut architecto. Iste vel, ducimus unde commodi praesentium neque aut nemo veniam ut eius et recusandae incidunt. Impedit est mollitia omnis ullam unde placeat fugit sit quis, harum fugit omnis voluptas soluta. Sint et voluptatem repellendus labore magni velit mollitia, esse sit laboriosam maxime dolores ipsum sed. Et tempora ducimus repellendus molestiae consequatur autem obcaecati et quo doloremque sint ullam corporis ullam. Vel molestias distinctio ea doloribus eius fuga nesciunt blanditiis neque voluptas eius qui eius voluptatem. Et nihil quasi sed nihil similique vero quasi quia est et hic unde reiciendis odit.\r\nSunt tempore qui maxime nostrum aliquam omnis fugit temporibus quisquam consequatur eaque enim ipsum omnis. Eum numquam eligendi rem minus est natus odit reprehenderit sint error ratione tenetur nihil sequi. Ut recusandae iusto vel ea amet nobis ad qui molestias consequatur error incidunt tempora cupiditate. Architecto rerum odio est unde eum vel qui modi velit esse ullam optio maiores cupiditate! Hic dolores omnis sit cumque facilis ut vitae eos omnis nam et est perferendis incidunt. Molestiae animi error exercitationem eos ex voluptatem nihil ipsa voluptatem iure sequi omnis ipsa in. Natus rem voluptatem dignissimos, corporis perspiciatis aut natus dolor aut aliquid minus animi quia sunt!', '1978-05-31 20:22:11', 'Adelaide Bridges', '1970-11-18 11:09:36', 'Joaquin Burt'),
('1ce44394-2f81-5943-7aff-f8ad76748b41', '6528b15d-6674-724f-79a4-4b24de418577', '5db23f21-65b9-3ea7-244c-4663158f29cd', 'Modi cum nulla asperiores consequatur id quibusdam eaque quia esse distinctio perspiciatis similique blanditiis ad. Dolorem vitae qui velit recusandae unde consectetur perferendis eveniet et qui obcaecati officia vitae cumque. Natus culpa perspiciatis doloremque facere et qui fuga quo ex tenetur quidem recusandae culpa rerum! Ex sit delectus autem et ut sapiente id ut reiciendis consequatur omnis sit corporis qui. Iste voluptatibus temporibus quas quia dolor ullam omnis aut officiis ut doloremque totam corporis et. Saepe voluptatum, ad autem praesentium sit et ipsa iste nisi non ea neque sint recusandae. Rerum aut non quia qui omnis, ipsum iusto quia dolor vero rerum rem mollitia distinctio! Enim accusantium magni qui, error libero error unde aliquam et perspiciatis similique vitae minus error. Sed architecto ut autem hic commodi consequatur eos vel saepe similique error quia qui est! Sit ea ut doloremque eos labore est eos cumque voluptas qui corrupti explicabo possimus omnis? A accusantium eaque officiis nisi molestiae facilis eaque voluptatem sit est iste iusto et ut. Ut enim nulla voluptas aut, totam veritatis distinctio perspiciatis dicta numquam ea voluptatem ullam expedita. Est aut cupiditate quae omnis velit voluptas, minima corrupti dicta non quaerat labore vero enim! Eveniet vel consequuntur animi nostrum tempora eaque temporibus praesentium laboriosam et enim consequatur tenetur dolores? Nihil ad aut, est tenetur rerum qui aut eum consequuntur illo laborum quidem molestiae quibusdam. Sapiente atque voluptates vero sit provident neque quis rerum quis quisquam, ipsum esse id sunt.', '1970-01-01 00:42:09', 'Onita Kurtz', '2007-09-13 01:30:14', 'Tod Cosby'),
('19c218fd-281b-2e0c-c98f-e9717deaa492', '309d2263-2362-1f28-93ef-c9d5c2d91e91', '28048e4e-650a-6f62-3a97-c414fa26c3e6', 'Eos corporis quas accusantium eos modi est nesciunt ut expedita labore asperiores est unde sunt. Temporibus deserunt unde quod sed ducimus qui deserunt rerum illo sequi qui ea quis incidunt. Ex in voluptatem, eum sit sed corporis dolorem inventore animi illum est sit vel iste! Similique ut beatae vel et earum quod et numquam ut non voluptas nobis voluptatem dicta. Nesciunt alias eum debitis dolorem fuga ut voluptates iure ea possimus dolorem accusamus aspernatur eius. Omnis similique officia id exercitationem quidem non necessitatibus unde fugit et sed impedit non et.', '1984-10-08 07:31:58', 'Letha Begley', '1970-01-01 00:00:44', 'Yahaira Newkirk'),
('172bfb98-61e3-1a45-b144-6bc098520b79', '27f91d6c-14b1-6c74-92ef-c9d5c2d91e91', '61b9cb60-344e-7294-f363-8a7ba31d9960', 'In saepe error quisquam sed ab est deleniti id dolorum natus aut temporibus doloremque minima. Modi praesentium quaerat consectetur aut enim eum dolor temporibus ratione qui dolor voluptatem aspernatur vel. Aliquam voluptatem magnam quia vitae facilis officia et culpa id velit magni enim tempore soluta. Modi et consequatur voluptatibus provident et iste qui quidem nihil suscipit fuga accusamus architecto aliquam? Voluptatum incidunt sunt, minima laboriosam iure aperiam reiciendis dignissimos expedita rem nihil alias explicabo suscipit. Eaque et explicabo, incidunt soluta tenetur et fuga sint fugit dolore repudiandae temporibus atque recusandae. Aut hic enim, hic nulla dolore voluptate unde id optio voluptate consequatur aut obcaecati odio. Sed quasi omnis et odit unde voluptatum labore, nihil sed nemo et voluptatem dolorem quasi! Hic quo nostrum, assumenda in molestiae sed rerum dignissimos odio et natus eaque error natus. Maiores dolore quod, et saepe blanditiis est natus nam corrupti ut tempora beatae voluptatem voluptate; et omnis, dolorum voluptate eveniet enim aut ut sequi atque eius quasi velit quia sed. Dolores eum, quasi beatae fugiat a sed et qui et quis aliquam dolor est exercitationem. Dolorum rem error sunt architecto accusamus a qui et ut fuga dolorem iure quo impedit. Error hic porro, et illo dolor illum sit error omnis numquam impedit velit distinctio in! Corporis officiis consequatur fuga aperiam libero tempore obcaecati dolorem dolor non et ea enim aut. Officia et perspiciatis optio dolorem est cumque sit temporibus omnis totam perspiciatis ut totam consequatur! Harum qui sit odit nisi aut et error odio enim ut voluptatem error recusandae debitis.\r\nFugiat delectus eum, ratione sed ad nostrum dicta sapiente perspiciatis rerum ipsam consectetur unde vitae. Id quasi dolores totam ipsum consequuntur vitae molestiae cupiditate nulla et quia quos suscipit obcaecati; velit perspiciatis natus accusantium atque explicabo et asperiores nostrum ut aut rerum velit amet quis. Et quia, nostrum earum voluptatum aut porro distinctio omnis error corporis tempora sapiente velit mollitia. Iure ipsum molestiae, eaque at perspiciatis perferendis aut enim officia suscipit omnis fugit aut ut! Perspiciatis culpa laboriosam in ea ut nesciunt qui in et sunt porro enim esse tempore; porro doloremque, saepe perferendis voluptatem consequatur nostrum amet perspiciatis voluptates perspiciatis ratione omnis perspiciatis quis. Iusto est minima voluptatum laborum aut nesciunt reprehenderit sed molestiae architecto pariatur dicta aut autem. Omnis repudiandae ab quis vel et deserunt et, rerum qui natus perspiciatis quia est excepturi. Odio ullam soluta facere error non id et perspiciatis id consectetur sit qui architecto vero? Pariatur sit provident, iste velit ipsum sit autem et beatae a omnis harum ducimus excepturi. Perspiciatis eos consequatur ipsam temporibus iste, dolore id nesciunt dolor delectus vero molestiae ut officiis! Commodi totam aliquam labore dolor accusantium impedit quisquam quasi esse dolorum totam deleniti obcaecati ex; enim sit ipsum natus esse, aut cupiditate vitae dicta sed unde perspiciatis ad laudantium unde. Vitae esse aliquid nobis rerum dolor cupiditate rerum nemo asperiores facere obcaecati, cum id magni.\r\nMinus sunt aut sint ipsam minus officia quidem reiciendis dolores sint veritatis obcaecati cupiditate explicabo. Tenetur consequatur explicabo quis qui a ut magni iure et consequuntur neque est sunt molestias. Omnis minima excepturi similique temporibus quam consequuntur illum dolorum exercitationem aperiam atque tempore eveniet et. Quo ut et repellat minima ut culpa et nihil et molestiae, nemo atque ut sunt. Ut porro rerum ratione perspiciatis sapiente unde magni quis sunt omnis nemo in veritatis qui. Aliquam quasi voluptatem unde sed itaque nihil iste aspernatur distinctio aut obcaecati ipsa sit in. Ut corrupti voluptas voluptatem pariatur saepe amet minima modi unde modi qui labore reprehenderit molestiae.', '2011-05-10 04:23:11', 'Norberto Abreu', '1994-08-13 07:54:42', 'Latoya Manning'),
('70701af8-7bc4-5d50-07a6-59a0c0702c31', '529ef8c0-4625-74c5-7ba4-4b24de418577', '33c6d4c6-4389-65c9-d811-56e108b1c222', 'Vel perspiciatis ut eligendi quas, laudantium iusto sed consequatur provident vel non voluptatem dolor ut. Harum itaque labore in nam officia iste quisquam aut deleniti quo natus praesentium eum accusamus! Obcaecati iusto ipsa voluptas illo recusandae suscipit porro iste quam velit laborum explicabo est voluptatem. Earum in iste qui doloremque consequatur et minima unde deleniti illo expedita modi numquam sed...\r\nRerum qui voluptatibus sunt rem quia labore soluta odit autem consequuntur tempora unde sit cumque. Culpa asperiores ut repudiandae sed adipisci alias dolore minima maiores accusamus voluptatum iure libero ab. A dolor consequuntur totam, iusto harum ipsa ut expedita enim facere ut a nulla est? Atque voluptas ut quia delectus voluptatem quia dolores voluptatem et temporibus sequi quia numquam atque. Nihil ut veniam rem repellat quasi ad obcaecati ea ut quasi deleniti labore ut excepturi! Recusandae explicabo error sed eligendi sit aliquid doloremque velit sit quasi provident explicabo eligendi recusandae. Aspernatur ut assumenda doloribus nostrum sit commodi et doloremque veritatis vel architecto veniam ut et. Maiores quia sed dolorum, repellendus veritatis a voluptates consectetur sed aliquam voluptatem quasi incidunt qui. Nihil maiores eaque necessitatibus modi sunt ex ut, aut voluptate possimus nulla velit odio beatae.', '1984-09-27 16:47:05', 'Holly Estrada', '1977-05-10 02:06:38', 'Hosea Neill');

--
-- Inserting data into table productdetail
--
INSERT INTO productdetail(ProductDetailID, ProductID, ReceiptDetailID, OrderDetailID, DetailNumber, IMEI, CreatedDate, CreatedBy, ModifiedDate, ModifiedBy) VALUES
('74ceff62-7307-57fa-17cb-d470555a8656', '493bb3e1-766d-55a9-c0c6-d72f24192909', '238671a0-30fa-5360-8286-fecdbcc4765c', '4a084a3f-5d99-1372-b433-62dd4e858bad', -695258520, '315989-86-990028-6', '2010-06-05 22:12:14', 'Charmaine Stock', '1993-06-27 13:40:27', 'Arnold Ambrose'),
('7632dd25-6c68-1ff4-f51e-0e8136249589', '72fe93fd-517a-1729-db18-0ccabe85ff46', NULL, '5c549d77-1e58-4d4e-1fbe-eaf7cc272319', 33600334, '525010-44-509213-8', '2017-04-11 03:39:49', 'Matthew Hoffman', NULL, NULL),
('44483c4c-3d6a-3e86-ff7f-56bf70c2ec3c', '31364645-14ed-27fc-d711-56e108b1c222', '3a02094a-64fe-51d3-2a40-483f16f4f2f6', '5c549d77-1e58-4d4e-1fbe-eaf7cc272319', 1301336704, '404878-75-878918-5', '1996-07-05 12:02:33', 'Jacinta Yanez', '1981-04-04 05:15:57', 'Mohamed Denton'),
('28d0c201-2f58-29fe-5525-73f60cb6c8c3', '6e33d899-6a6c-5534-bfc6-d72f24192909', '17534976-490f-5ca8-aac7-b3346301782e', '5c549d77-1e58-4d4e-1fbe-eaf7cc272319', 2147483647, '776059-68-269964-8', '1999-02-06 20:41:27', 'Drew Perry', '1970-01-01 00:01:17', 'Johnna Pinto'),
('365012e4-4fce-2933-3dda-f444281e2faa', '394b238c-2ef4-4298-5333-57d1d013a38f', '40982e50-6653-1215-15f5-c98d315c59dd', '5a851e09-4a52-7284-0648-b983316b8374', 1730833430, NULL, NULL, NULL, '2012-04-08 07:39:51', 'Mathilde Hyde'),
('17daad63-54a3-1d64-5625-73f60cb6c8c3', '21d97f61-513d-59dc-abb3-cad96b318fc3', '17534976-490f-5ca8-aac7-b3346301782e', '2643c0f2-5381-7a86-1d93-373516031d8e', -395896396, '687170-79-381075-6', '1997-07-23 18:08:36', 'Kyoko Adams', '2007-01-31 09:01:47', 'Abby Criswell'),
('64541d47-1ea1-1e64-ddd3-8fcf518cfb6f', '5db23f21-65b9-3ea7-244c-4663158f29cd', '154d2cf8-3b5b-5c65-c480-872c02b7d2a6', '5c549d77-1e58-4d4e-1fbe-eaf7cc272319', 946617479, '776059-68-269965-5', '1970-01-01 00:07:46', 'Renea Russo', '1970-01-01 00:48:02', 'Antone Bivins'),
('7a4e7b81-6e7c-23ab-3eda-f444281e2faa', '28048e4e-650a-6f62-3a97-c414fa26c3e6', '238671a0-30fa-5360-8286-fecdbcc4765c', '6d825400-4c66-515a-1e93-373516031d8e', 33600335, '613899-33-398103-7', '2001-12-13 19:35:51', 'Isidra Kirchner', '2008-01-02 06:26:27', 'Marina Austin'),
('38aff9de-566a-63d4-0f3c-15e9f600340a', '61b9cb60-344e-7294-f363-8a7ba31d9960', '3ba5bdd4-158a-55c7-2b40-483f16f4f2f6', '7f9589fa-2b58-5866-1c93-373516031d8e', -1124755251, '687170-79-381076-4', '1970-04-23 17:31:06', 'Donita Huff', '1975-12-15 19:44:44', 'Wilton Geary'),
('39716e8f-5fb4-6065-18cb-d470555a8656', '33c6d4c6-4389-65c9-d811-56e108b1c222', '154d2cf8-3b5b-5c65-c480-872c02b7d2a6', NULL, -395896395, '232522-05-225918-4', '1970-01-01 00:16:33', 'Rosendo Lunsford', '2001-06-03 22:30:01', 'Jonelle Newman');