--
-- Script was generated by Devart dbForge Studio 2019 for MySQL, Version 8.2.23.0
-- Product Home Page: http://www.devart.com/dbforge/mysql/studio
-- Script date 22/2/2022 10:08:44 AM
-- Target server version: 5.5.5-10.2.41-MariaDB
-- Target connection string: User Id=root;Host=localhost;Port=3307;Character Set=utf8
--



SET NAMES 'utf8';
USE doantotnghiep;
--
-- Delete data from the table 'orderdetail'
--
DELETE FROM orderdetail;
--
-- Delete data from the table 'product'
--
DELETE FROM product;
--
-- Delete data from the table 'order'
--
DELETE FROM order;
--
-- Delete data from the table 'manufacturer'
--
DELETE FROM manufacturer;
--
-- Delete data from the table 'category'
--
DELETE FROM category;

--
-- Inserting data into table category
--
INSERT INTO category(CategoryID, CategoryName, CategoryParentID, CreatedDate, CreatedBy, ModifiedDate, ModifiedBy) VALUES
('19165ed7-212e-21c4-0428-030d4265475f', 'Games', '67407', '2022-02-15 11:33:31', 'Vanita Edmonds', '2022-02-22 08:25:47', 'Scot Acker'),
('3631011e-4559-4ad8-b0ad-cb989f2177da', 'Movies', '64850', '2022-02-06 03:12:34', 'Kennith Carswell', '2022-01-20 00:00:07', 'Albert Mclean'),
('7a0b757e-41eb-4df6-c6f8-494a84b910f4', 'Accessories', '25568', '2022-02-11 00:38:04', 'Cary Benitez', '2022-01-20 00:00:09', 'Adelaida Bergman'),
('2924c34d-68f1-1d0a-c9c7-6c0aeb6ec302', 'Baby', '68679', '2022-02-01 02:07:47', 'Kathyrn Beatty', '2022-01-20 00:31:40', 'Abram Patten'),
('4cf2dd43-5f4b-71b6-e212-ebbbcf065d1c', 'Tools', '00878', '2022-02-03 12:49:44', 'Erasmo Joe', '2022-01-20 00:00:01', 'Edgar Adler'),
('5f7b48e5-16f9-2f2f-ecdc-845b5dcdad45', 'Automotive', '70736', '2022-02-14 23:37:33', 'Rodrick Paulsen', '2022-02-02 21:33:06', 'Edward Jarvis'),
('185f84ed-4563-51a0-cac7-6c0aeb6ec302', 'Health', '01644', '2022-02-16 14:12:41', 'Marco Horn', '2022-01-31 10:11:01', 'Wesley Ramirez'),
('1731fa87-79fd-4cc1-6978-553c0310877a', 'Shoes', '32626', '2022-01-28 02:05:22', 'Tanner Butler', '2022-01-31 10:43:51', 'Gregg Fulmer'),
('471530a2-44fe-7395-b1ad-cb989f2177da', 'Pets', '52582', '2022-01-20 00:08:53', 'Carline Mccall', '2022-01-26 21:54:14', 'Karly Aguirre'),
('27366e4a-5248-12e3-e312-ebbbcf065d1c', NULL, '52410', NULL, NULL, NULL, NULL);

--
-- Inserting data into table manufacturer
--
INSERT INTO manufacturer(ManufacturerID, ManufacturerName, CreatedDate, CreatedBy, ModifiedDate, ModifiedBy) VALUES
('30d41e52-5e66-72bc-6c1c-b47866e0b131', 'Canadian Space Explore Group', '1970-01-01 00:00:55', 'Antoine Banks', '1976-01-12 10:10:06', 'Ayanna Darling'),
('5bd71cda-209f-2ade-54d1-35c781481818', 'Canadian Trust Inc.', '1989-06-03 00:16:09', 'Earle Caudill', '1970-01-01 00:05:20', 'Adela Alba'),
('589edf01-198a-4ff5-958e-fb52fd75a1d4', 'National Y-Mobile Inc.', '1991-05-26 14:57:04', 'Aundrea Cahill', '1971-11-21 02:55:21', 'Corinne Dugas'),
('548dce5f-5f29-4617-725d-e2ec561b0f41', 'Beyond Thermal Resources Corporation', '1971-04-11 23:40:23', 'Chaya Mccaffrey', '1970-01-01 00:00:47', 'Alonzo Aragon'),
('68daa090-552d-1bc6-e8e4-8adc5263917a', 'Smart Space Explore Co.', '1987-02-07 13:04:17', 'Zulema Ingram', '1970-01-01 00:01:34', 'Waldo Knudsen'),
('43bed9be-3421-162f-8ba8-609e3bb3a85a', 'Australian Cars Inc.', '2013-01-11 12:16:19', 'Ciera Mackenzie', '2005-05-02 00:28:27', 'Bronwyn Acker'),
('5e17e0b2-3483-38fa-735d-e2ec561b0f41', 'Special High-Technologies Corporation', '2018-08-07 08:31:42', 'Delinda Abreu', '1970-01-01 00:00:09', 'Cedrick Frey'),
('77be5d0b-4f0d-3fa8-6d1c-b47866e0b131', 'City I-Mobile Corporation', '1970-01-01 00:00:08', 'Abraham Roche', '1970-01-01 00:00:39', 'Birgit Kozlowski'),
('68992ee8-5906-72d0-55d1-35c781481818', 'International Logistic Corporation', '2015-06-17 22:44:03', 'Tena Neil', '1972-01-30 14:22:15', 'Lydia Linkous'),
('5f26b0d0-16b7-62ae-0ac2-b9c0ad0052ad', NULL, NULL, NULL, NULL, NULL);

--
-- Inserting data into table `order`
--
INSERT INTO `order`(OrderID, CustomerID, OrderStatus, PaymentStatus, TotalPrice, DeliveryAddress, Note, CreatedDate, CreatedBy, ModifiedDate, ModifiedBy) VALUES
('4fac4b9e-6c96-177f-d292-0ed10b503732', '44cbba58-64e2-12c7-9717-6d44a4db1359', -1432851621, True, 850, '3476 Old Front Lane, Penobscot Bldg, Annapolis, Maryland, 76341', 'H7I2K14', '2022-02-21 01:52:28', 'Kory Burton', '1986-06-13 22:37:16', 'Deeanna Abreu'),
('7c6369f2-18d3-679e-d7ab-8b7af6721bcf', '359963d8-1e69-5220-7ecc-ee92bf437a3f', -1030416957, True, 702, '624 Rose Hill Ct, Standard Bldg, Charleston, WV, 64580', '26I1441C2S70RNMPUAK48H11EH', '2022-02-17 16:16:30', 'Nedra Lewis', '1984-09-18 22:23:15', 'Logan Acevedo'),
('592b006d-6335-6101-edf6-092cdb0ab5e8', '2a951a0f-259c-2832-7dcc-ee92bf437a3f', -1794334035, True, 571, '66 West Town Blvd, Victor Executive Building, Denver, Colorado, 74757', 'EQ2UL9X936XD7P8H73T57ES66XPX3RH438LMT', '2022-02-03 22:03:04', 'Sade Tapia', '1970-01-01 00:00:07', 'Adolfo Engle'),
('35251a6d-3944-4983-ba47-901f27b89d18', '2181e1b4-3cf9-2495-bbec-c0283040ad25', -1925050876, False, NULL, NULL, NULL, '2022-01-22 04:44:59', NULL, '2010-08-23 00:54:36', 'Marlene Krieger'),
('5017b949-77c1-2758-e5f2-17995bf2968c', '49b5613c-112f-5d16-636f-d59c8dd9bef2', -997713899, True, 312, '1091 Chapel Hill Lane, Penobscot Bldg, Montgomery, Alabama, 46515', 'E9Q78FNT284U5NA0B8SG', '2022-02-07 07:39:05', 'Addie Ferguson', '1972-04-28 16:11:46', 'Sharika Acker'),
('4a756255-60b4-6d83-d392-0ed10b503732', '4ef150ce-6a97-2441-241c-bd61bb603dc5', -1765423586, False, 443, '3367 Deepwood Court, 8th Floor, Charleston, West Virginia, 25267', 'HGS6', '2022-02-12 13:03:22', 'Christel Abney', '2017-04-16 16:42:30', 'Lenita Francisco'),
('4e4dd06a-1a04-681f-29dc-88a3ac8a3bba', '26a546dc-51ef-474e-ec75-f433c80be791', -1157183679, True, 333, '1996 SE Cedar Tree Blvd, Little Rock, Arkansas, 24716', '3L45W8OBL28Q', '2022-02-15 22:39:22', 'Barry Golden', '1970-01-01 00:13:22', 'Jonah Miller'),
('60e353a5-58e0-5144-d8ab-8b7af6721bcf', '1869fe35-23c5-7aef-d42a-7682e3734d78', 79, False, 322, '2017 Rock Hill Drive, Victor Executive Building, Harrisburg, Pennsylvania, 80288', 'PE2DT87W7ME', '2022-01-25 14:21:00', 'Alethea Ma', '2002-09-14 22:01:25', 'Antonio Leung'),
('2d2631c0-30a8-1850-bb47-901f27b89d18', '60b82625-3612-24de-9617-6d44a4db1359', 87, False, 648, '3156 Bayview Street, 257 Towers Building, Nashville, Tennessee, 30561', '7PH18SDZ0N234QT2FB35R', '2022-02-03 22:03:05', 'Paul Summers', '2017-03-22 04:59:17', 'Farah Batista'),
('4ddd46a8-42d2-6d26-1191-0af2c7f2a1a0', NULL, -1377813044, False, 487, '3140 Cedar Tree Highway, Providence, Rhode Island, 12060', '4VC21V5773IKFZ8N1JK104D32ET815867ZB09H4M03GXE8389B1WGXL2AL3L9CQ3812W34FU9WT4J17W1W4V5V2RC4Z62Y3JD81ABCC4JKBWM17YHIQ86077T2', '2022-02-07 07:39:06', 'Lesley Durden', NULL, NULL);

--
-- Inserting data into table product
--
INSERT INTO product(ProductID, ManufacturerID, CategoryID, ProductCode, ProductName, Price, Quantity, Camera, Battery, PromotionPrice, PromotionStart, PromotionEnd, Image, CreatedDate, CreatedBy, ModifiedDate, ModifiedBy) VALUES
('31364645-14ed-27fc-d711-56e108b1c222', '5e17e0b2-3483-38fa-735d-e2ec561b0f41', '3631011e-4559-4ad8-b0ad-cb989f2177da', 'Recular', 'Tweetholdar', 599, 6, 'U58', '1JAES702ASC8Q63SLJ7384K2604', 173, '1973-09-07 18:03:46', '1972-08-25 12:46:07', '9YF09PP1HRHYJGY7WG8GPMTE6DEMJ2W122VU4W593K9DVS3SWWB1ZH25OP64021100B95PLX37M42', '1984-02-08 06:30:56', 'Monty Horner', '1970-01-01 00:00:41', 'Dorothy Button'),
('394b238c-2ef4-4298-5333-57d1d013a38f', '68992ee8-5906-72d0-55d1-35c781481818', '2924c34d-68f1-1d0a-c9c7-6c0aeb6ec302', 'Renierphone', 'Promuton', 666, 86, '14Y10MUHY0X78B9PXR9J938P28T3GPUX50L7N4HZX00CR0XY9W', '54', 188, '2019-01-03 00:13:28', '1982-12-27 01:49:36', '6169QPV', '1970-01-01 00:00:02', 'Gordon Epperson', NULL, 'Odis Flynn'),
('5db23f21-65b9-3ea7-244c-4663158f29cd', '43bed9be-3421-162f-8ba8-609e3bb3a85a', '471530a2-44fe-7395-b1ad-cb989f2177da', 'Subcessimentor', 'Transniollor', 894, 27, 'WRZ1B0WQ0JM48L', 'GB8BI0QP302403895PTNA9H4437OHVK62WW1H8438BMPA22HPJV06G541P7TO771271A74CSC92U6OC0MM76X', 888, '1985-02-07 15:53:17', '1986-04-20 14:52:30', 'M8PD1YCG7Q991TOGBIUU3H52FKI1DDC6QJM3P27P62MOSZO38M2Y968', '1970-01-01 00:54:29', 'Alina Calvin', '1985-08-05 18:16:32', 'Abbie Cano'),
('61b9cb60-344e-7294-f363-8a7ba31d9960', '68992ee8-5906-72d0-55d1-35c781481818', '1731fa87-79fd-4cc1-6978-553c0310877a', 'Subculfior', 'Cleanputon', 848, 74, 'J5LJSQN', '2421P34NQU3PGVNHQ0T', 651, '1970-01-01 00:14:09', '1970-01-01 00:01:11', 'AT0PFE6MJ8I43IWO', '1972-06-19 09:11:51', 'Genevie Carney', '1986-11-28 05:34:09', 'Allison Rizzo'),
('72fe93fd-517a-1729-db18-0ccabe85ff46', '43bed9be-3421-162f-8ba8-609e3bb3a85a', '5f7b48e5-16f9-2f2f-ecdc-845b5dcdad45', 'Tweetbandor', 'Tabwoofphone', 508, 10, '5CH8YSL', '5HGCWFL6VK2697SAL9R3L18EM645O7M4E805BC26', 192, '1992-03-08 06:04:44', '2015-10-11 12:36:46', 'BXZ08UZ1ZK', '1995-07-30 00:41:04', 'Alice Slaughter', '1970-01-01 00:00:07', 'Darleen Adair'),
('6e33d899-6a6c-5534-bfc6-d72f24192909', '5bd71cda-209f-2ade-54d1-35c781481818', '27366e4a-5248-12e3-e312-ebbbcf065d1c', 'Montaedgator', NULL, 638, 29, 'EZXS30B6H0CQ774OD87WV95835I2091JZ138897', 'B2G0703', 151, '2016-07-14 06:56:39', '1988-11-25 07:35:43', NULL, NULL, 'Adrianne Friedman', '1972-11-03 10:28:30', 'Myriam Abernathy'),
('21d97f61-513d-59dc-abb3-cad96b318fc3', '43bed9be-3421-162f-8ba8-609e3bb3a85a', '7a0b757e-41eb-4df6-c6f8-494a84b910f4', 'Micpicker', 'Supceivra', 146, 12, 'O9685DMZECWDS', 'VD7067ZOSEY3S', 638, '1985-03-18 23:19:31', '1976-08-31 20:57:49', 'C40DD213GONOX7QYFB40S6D9VZ80ZC41L0RY6JJ2YMB5BTD111RNO1A3U5T', '1970-01-01 00:07:34', 'Irvin Hendrick', '1970-01-01 00:01:03', 'Jonah Rouse'),
('28048e4e-650a-6f62-3a97-c414fa26c3e6', '5f26b0d0-16b7-62ae-0ac2-b9c0ad0052ad', '4cf2dd43-5f4b-71b6-e212-ebbbcf065d1c', 'Subplottentor', 'Supputommar', 231, 87, '4EVULXZO6H68Z4XH7725001XO80HV9TU4XT667K4B9D', '2UWXI81EZQ57YX9NQQ3IFM1B', 362, '1972-06-11 17:33:18', '1987-12-23 07:22:29', '35AM6737NQV520DJ57VLPU86E91S180H4PT3O36016S87G0W0F7K', '1970-01-01 01:33:28', 'Cary Gilliam', '1971-10-15 18:12:59', 'Whitney Dove'),
('33c6d4c6-4389-65c9-d811-56e108b1c222', NULL, '3631011e-4559-4ad8-b0ad-cb989f2177da', 'Replottommer', 'Mictellar', NULL, NULL, NULL, '2X50QCD2FE716K1IDTIB937H59C829474H6CGYIBN4L', 993, NULL, '1981-06-03 08:12:50', 'Z73ON3G09OD4HUE2J61UHWD6KY812KJV7LC', '1971-03-01 01:33:53', NULL, '1987-12-02 17:28:38', 'Donnell Mclean'),
('493bb3e1-766d-55a9-c0c6-d72f24192909', '68daa090-552d-1bc6-e8e4-8adc5263917a', NULL, NULL, 'Armlififiator', 998, 17, '1', NULL, NULL, '1998-04-20 07:06:43', NULL, 'BOA6BZ18ZC2WL512Q4U8TK8T263DPA5DAWH69B472G4G36VQPDM63K33B76ZK72KF1H9IZ01ZWM0EB2S654K3JD86K3', '2007-11-05 22:42:30', 'Bernardo Black', '1970-01-01 00:01:15', NULL);

--
-- Inserting data into table orderdetail
--
INSERT INTO orderdetail(OrderDetailID, OrderID, ProductID, Quantity, UnitPrice, CreatedDate, CreatedBy, ModifiedDate, ModifiedBy) VALUES
('7f9589fa-2b58-5866-1c93-373516031d8e', '4ddd46a8-42d2-6d26-1191-0af2c7f2a1a0', '493bb3e1-766d-55a9-c0c6-d72f24192909', 54, 645, '2022-01-20 00:00:01', 'Abdul Franz', '2014-05-18 00:18:56', 'Christian Laporte'),
('28186996-5b5b-7729-455f-1885b89fc8fc', '5017b949-77c1-2758-e5f2-17995bf2968c', '72fe93fd-517a-1729-db18-0ccabe85ff46', 38, 934, '2022-01-28 20:37:02', 'Dana Bethea', '1970-01-01 00:11:32', 'Reynaldo Ackerman'),
('5b6e9fc7-1e70-4fd4-0448-b983316b8374', '4fac4b9e-6c96-177f-d292-0ed10b503732', '31364645-14ed-27fc-d711-56e108b1c222', 63, 906, '2022-02-05 06:00:44', 'Jeromy Vanburen', '2009-05-24 01:29:22', 'Adalberto Aldrich'),
('1ba4c500-5a33-4cef-3709-69a9b1bfbc32', '4a756255-60b4-6d83-d392-0ed10b503732', '6e33d899-6a6c-5534-bfc6-d72f24192909', 91, 946, '2022-02-12 04:52:40', 'Adan May', '1984-01-30 19:11:02', 'Temeka Higgs'),
('2643c0f2-5381-7a86-1d93-373516031d8e', '7c6369f2-18d3-679e-d7ab-8b7af6721bcf', '394b238c-2ef4-4298-5333-57d1d013a38f', 76, 264, '2022-01-21 00:01:18', 'Charline Berman', '1970-01-01 02:03:38', 'Antonio Batson'),
('5c549d77-1e58-4d4e-1fbe-eaf7cc272319', '4e4dd06a-1a04-681f-29dc-88a3ac8a3bba', '21d97f61-513d-59dc-abb3-cad96b318fc3', 56, 778, '2022-01-20 13:59:21', 'Roosevelt Lloyd', '1975-07-10 14:48:47', 'Rick Speer'),
('31a38fa9-4c3b-4cf0-0548-b983316b8374', '592b006d-6335-6101-edf6-092cdb0ab5e8', '5db23f21-65b9-3ea7-244c-4663158f29cd', 63, 732, '2022-02-19 10:24:51', 'Carson Burley', '1972-05-15 15:17:09', 'Gary Penn'),
('4a084a3f-5d99-1372-b433-62dd4e858bad', '60e353a5-58e0-5144-d8ab-8b7af6721bcf', '28048e4e-650a-6f62-3a97-c414fa26c3e6', 23, 916, '2022-01-20 00:00:06', 'Gabriel Cheatham', '1970-01-01 00:00:09', 'Kent Crittenden'),
('6d825400-4c66-515a-1e93-373516031d8e', '35251a6d-3944-4983-ba47-901f27b89d18', '61b9cb60-344e-7294-f363-8a7ba31d9960', 64, 252, '2022-01-20 00:00:09', 'Elfrieda Fennell', '1981-06-03 19:25:14', 'Larry Grissom'),
('5a851e09-4a52-7284-0648-b983316b8374', '2d2631c0-30a8-1850-bb47-901f27b89d18', '33c6d4c6-4389-65c9-d811-56e108b1c222', NULL, NULL, '2022-02-17 01:12:22', NULL, NULL, NULL);