--
-- Script was generated by Devart dbForge Studio 2019 for MySQL, Version 8.2.23.0
-- Product home page: http://www.devart.com/dbforge/mysql/studio
-- Script date 20/2/2022 12:56:43 AM
-- Server version: 5.5.5-10.2.41-MariaDB
-- Client version: 4.1
--

-- 
-- Disable foreign keys
-- 
/*!40014 SET @OLD_FOREIGN_KEY_CHECKS=@@FOREIGN_KEY_CHECKS, FOREIGN_KEY_CHECKS=0 */;

-- 
-- Set SQL mode
-- 
/*!40101 SET @OLD_SQL_MODE=@@SQL_MODE, SQL_MODE='NO_AUTO_VALUE_ON_ZERO' */;

-- 
-- Set character set the client will use to send SQL statements to the server
--
SET NAMES 'utf8';

--
-- Set default database
--
USE doantotnghiep;

--
-- Drop table `account`
--
DROP TABLE IF EXISTS account;

--
-- Drop table `comment`
--
DROP TABLE IF EXISTS comment;

--
-- Drop table `evaluation`
--
DROP TABLE IF EXISTS evaluation;

--
-- Drop table `featureproduct`
--
DROP TABLE IF EXISTS featureproduct;

--
-- Drop table `feature`
--
DROP TABLE IF EXISTS feature;

--
-- Drop table `orderdetail`
--
DROP TABLE IF EXISTS orderdetail;

--
-- Drop table `order`
--
DROP TABLE IF EXISTS `order`;

--
-- Drop table `receiptdetail`
--
DROP TABLE IF EXISTS receiptdetail;

--
-- Drop procedure `Proc_GetProducts`
--
DROP PROCEDURE IF EXISTS Proc_GetProducts;

--
-- Drop table `product`
--
DROP TABLE IF EXISTS product;

--
-- Drop table `category`
--
DROP TABLE IF EXISTS category;

--
-- Drop table `manufacturer`
--
DROP TABLE IF EXISTS manufacturer;

--
-- Drop table `receipt`
--
DROP TABLE IF EXISTS receipt;

--
-- Drop table `suplier`
--
DROP TABLE IF EXISTS suplier;

--
-- Set default database
--
USE doantotnghiep;

--
-- Create table `suplier`
--
CREATE TABLE suplier (
  SuplierID char(36) NOT NULL COMMENT 'ID nhà cung cấp',
  SuplierName varchar(100) DEFAULT NULL COMMENT 'Tên nhà cung cấp',
  Email varchar(50) DEFAULT NULL COMMENT 'Email nhà cung cấp',
  PhoneNumber varchar(10) DEFAULT NULL COMMENT 'Số điện thoại nhà cung cấp',
  Address varchar(255) DEFAULT NULL COMMENT 'Địa chỉ nhà cung cấp',
  CreatedDate datetime DEFAULT NULL COMMENT 'Ngày tạo',
  CreatedBy varchar(255) DEFAULT NULL COMMENT 'Người tạo',
  ModifiedDate datetime DEFAULT NULL COMMENT 'Ngày sửa',
  ModifiedBy varchar(255) DEFAULT NULL COMMENT 'Người sửa',
  PRIMARY KEY (SuplierID)
)
ENGINE = INNODB,
CHARACTER SET utf8mb4,
COLLATE utf8mb4_general_ci,
COMMENT = 'Bảng nhà cung cấp';

--
-- Create table `receipt`
--
CREATE TABLE receipt (
  ReceipitID char(36) NOT NULL COMMENT 'ID phiếu nhập kho',
  SuplierID char(36) DEFAULT NULL COMMENT 'ID nhà cung cấp',
  ImportDate datetime DEFAULT NULL COMMENT 'Thời gian nhập phiếu',
  TotalMoney varchar(255) DEFAULT NULL COMMENT 'Tổng tiền',
  PaymentStatus bit(1) DEFAULT NULL COMMENT 'Trạng thái thanh toán',
  Description text DEFAULT NULL COMMENT 'Mô tả',
  CreatedDate datetime DEFAULT NULL COMMENT 'Ngày tạo',
  CreatedBy varchar(255) DEFAULT NULL COMMENT 'Người tạo',
  ModifiedDate datetime DEFAULT NULL COMMENT 'Ngày sửa',
  ModifiedBy varchar(255) DEFAULT NULL COMMENT 'Người sửa',
  PRIMARY KEY (ReceipitID)
)
ENGINE = INNODB,
CHARACTER SET utf8mb4,
COLLATE utf8mb4_general_ci,
COMMENT = 'Bảng phiếu nhập kho';

--
-- Create foreign key
--
ALTER TABLE receipt
ADD CONSTRAINT FK_receipt_suplier_SuplierID FOREIGN KEY (SuplierID)
REFERENCES suplier (SuplierID) ON DELETE NO ACTION ON UPDATE NO ACTION;

--
-- Create table `manufacturer`
--
CREATE TABLE manufacturer (
  ManufacturerID char(36) NOT NULL COMMENT 'Id haxnng sản xuất',
  ManufacturerName varchar(50) DEFAULT NULL COMMENT 'Tên hãng sản xuất',
  CreatedDate datetime DEFAULT NULL COMMENT 'Ngày tạo',
  CreatedBy varchar(255) DEFAULT NULL COMMENT 'Người tạo',
  ModifiedDate datetime DEFAULT NULL COMMENT 'Ngày sửa',
  ModifiedBy varchar(255) DEFAULT NULL COMMENT 'Người sửa',
  PRIMARY KEY (ManufacturerID)
)
ENGINE = INNODB,
AVG_ROW_LENGTH = 3276,
CHARACTER SET utf8mb4,
COLLATE utf8mb4_general_ci,
COMMENT = 'Bảng hãng sản xuất';

--
-- Create table `category`
--
CREATE TABLE category (
  CategoryID char(36) NOT NULL COMMENT 'ID danh mục sản phẩm',
  CategoryName varchar(255) DEFAULT NULL COMMENT 'Tên danh mục sản phẩm',
  CategoryParentID char(36) DEFAULT NULL COMMENT 'ID danh mục cha',
  CreatedDate datetime DEFAULT NULL COMMENT 'Ngày tạo',
  CreatedBy varchar(255) DEFAULT NULL COMMENT 'Người tạo',
  ModifiedDate datetime DEFAULT NULL COMMENT 'Ngày sửa',
  ModifiedBy varchar(255) DEFAULT NULL COMMENT 'Người sửa',
  PRIMARY KEY (CategoryID)
)
ENGINE = INNODB,
AVG_ROW_LENGTH = 3276,
CHARACTER SET utf8mb4,
COLLATE utf8mb4_general_ci,
COMMENT = 'Bảng danh mục sản phẩm';

--
-- Create table `product`
--
CREATE TABLE product (
  ProductID char(36) NOT NULL COMMENT 'ID sản phẩm',
  ManufacturerID char(36) DEFAULT NULL COMMENT 'ID hãng sản xuất',
  CategoryID char(36) DEFAULT NULL COMMENT 'ID danh mục sản phẩm',
  ProductCode varchar(255) DEFAULT NULL COMMENT 'Mã sản phẩm',
  ProductName varchar(100) DEFAULT NULL COMMENT 'Tên sản phẩm',
  IMEI varchar(15) NOT NULL COMMENT 'Số IMEI của sản phẩm',
  Price decimal(19, 0) DEFAULT NULL COMMENT 'Giá',
  Quantity int(11) DEFAULT NULL COMMENT 'Số lượng',
  Camera varchar(255) DEFAULT NULL COMMENT 'Camera',
  Battery varchar(255) DEFAULT NULL COMMENT 'Loại pin, số giờ hoạt động',
  PromotionPrice decimal(19, 0) DEFAULT NULL COMMENT 'Giá khuyến mãi',
  PromotionStart datetime DEFAULT NULL COMMENT 'Ngày bắt đầu khuyến mãi',
  PromotionEnd datetime DEFAULT NULL COMMENT 'Ngày kết thúc khuyến mãi',
  Image varchar(255) DEFAULT NULL COMMENT 'Ảnh sản phẩm',
  CreatedDate datetime DEFAULT NULL COMMENT 'Ngày tạo',
  CreatedBy varchar(255) DEFAULT NULL COMMENT 'Người tạo',
  ModifiedDate datetime DEFAULT NULL COMMENT 'Ngày sửa',
  ModifiedBy varchar(255) DEFAULT NULL COMMENT 'Người sửa',
  PRIMARY KEY (ProductID)
)
ENGINE = INNODB,
AVG_ROW_LENGTH = 3276,
CHARACTER SET utf8mb4,
COLLATE utf8mb4_general_ci,
COMMENT = 'Bảng sản phẩm';

--
-- Create foreign key
--
ALTER TABLE product
ADD CONSTRAINT FK_product_category_CategoryID FOREIGN KEY (CategoryID)
REFERENCES category (CategoryID) ON DELETE NO ACTION ON UPDATE NO ACTION;

--
-- Create foreign key
--
ALTER TABLE product
ADD CONSTRAINT FK_product_manufacturer_ManufacturerID FOREIGN KEY (ManufacturerID)
REFERENCES manufacturer (ManufacturerID) ON DELETE NO ACTION ON UPDATE NO ACTION;

DELIMITER $$

--
-- Create procedure `Proc_GetProducts`
--
CREATE DEFINER = 'root'@'localhost'
PROCEDURE Proc_GetProducts ()
COMMENT 'Procedures lấy danh sách sản phẩm'
BEGIN
  SELECT
    *
  FROM product;
END
$$

DELIMITER ;

--
-- Create table `receiptdetail`
--
CREATE TABLE receiptdetail (
  ReceiptDetailID char(36) NOT NULL COMMENT 'ID chi tiết phiếu nhập kho',
  ReceiptID char(36) DEFAULT NULL COMMENT 'ID phiếu nhập kho',
  ProductID char(36) DEFAULT NULL COMMENT 'ID sản phẩm',
  Quantity int(11) DEFAULT NULL COMMENT 'Số lượng',
  UnitPrice decimal(19, 0) DEFAULT NULL COMMENT 'Đơn giá',
  Note text DEFAULT NULL COMMENT 'Ghi chú',
  CreatedDate datetime DEFAULT NULL COMMENT 'Ngày tạo',
  CreatedBy varchar(255) DEFAULT NULL COMMENT 'Người tạo',
  ModifiedDate datetime DEFAULT NULL COMMENT 'Ngày sửa',
  ModifiedBy varchar(255) DEFAULT NULL COMMENT 'Người sửa',
  PRIMARY KEY (ReceiptDetailID)
)
ENGINE = INNODB,
CHARACTER SET utf8mb4,
COLLATE utf8mb4_general_ci,
COMMENT = 'Bảng chi tiết phiếu nhập kho';

--
-- Create foreign key
--
ALTER TABLE receiptdetail
ADD CONSTRAINT FK_receiptdetail_product_ProductID FOREIGN KEY (ProductID)
REFERENCES product (ProductID) ON DELETE NO ACTION ON UPDATE NO ACTION;

--
-- Create foreign key
--
ALTER TABLE receiptdetail
ADD CONSTRAINT FK_receiptdetail_receipt_ReceipitID FOREIGN KEY (ReceiptID)
REFERENCES receipt (ReceipitID) ON DELETE NO ACTION ON UPDATE NO ACTION;

--
-- Create table `order`
--
CREATE TABLE `order` (
  OrderID char(36) NOT NULL COMMENT 'ID đơn đặt hàng',
  CustomerID char(36) DEFAULT NULL COMMENT 'ID khách hàng',
  OrderStatus int(1) NOT NULL DEFAULT 0 COMMENT 'Trạng thái đơn hàng',
  PaymentStatus bit(1) NOT NULL COMMENT 'Trạng thái thanh toán',
  TotalPrice decimal(19, 0) DEFAULT NULL COMMENT 'Tổng giá',
  DeliveryAddress varchar(255) DEFAULT NULL COMMENT 'Địa chỉ giao hàng',
  Note varchar(255) DEFAULT NULL COMMENT 'Ghi chú',
  CreatedDate datetime DEFAULT NULL COMMENT 'Ngày tạo',
  CreatedBy varchar(255) DEFAULT NULL COMMENT 'Người tạo',
  ModifiedDate datetime DEFAULT NULL COMMENT 'Ngày sửa',
  ModifiedBy varchar(255) DEFAULT NULL COMMENT 'Người sửa',
  PRIMARY KEY (OrderID)
)
ENGINE = INNODB,
CHARACTER SET utf8mb4,
COLLATE utf8mb4_general_ci,
COMMENT = 'Baeng đơn đặt hàng';

--
-- Create table `orderdetail`
--
CREATE TABLE orderdetail (
  OrderDetailID char(36) NOT NULL COMMENT 'ID chi tiết đơn đặt hàng',
  OrderID char(36) DEFAULT NULL COMMENT 'ID đơn đặt hàng',
  ProductID char(36) DEFAULT NULL COMMENT 'ID sản phẩm',
  Quantity int(11) DEFAULT NULL COMMENT 'Số lượng mua',
  UnitPrice decimal(19, 0) DEFAULT NULL COMMENT 'Đơn giá',
  CreatedDate datetime DEFAULT NULL COMMENT 'Ngày tạo',
  CreatedBy varchar(255) DEFAULT NULL COMMENT 'Người tạo',
  ModifiedDate datetime DEFAULT NULL COMMENT 'Ngày sửa',
  ModifiedBy varchar(255) DEFAULT NULL COMMENT 'Người sửa',
  PRIMARY KEY (OrderDetailID)
)
ENGINE = INNODB,
CHARACTER SET utf8mb4,
COLLATE utf8mb4_general_ci,
COMMENT = 'Bảng chi tiết đơn đặt hàng';

--
-- Create foreign key
--
ALTER TABLE orderdetail
ADD CONSTRAINT FK_orderdetail_order_OrderID FOREIGN KEY (OrderID)
REFERENCES `order` (OrderID) ON DELETE NO ACTION ON UPDATE NO ACTION;

--
-- Create foreign key
--
ALTER TABLE orderdetail
ADD CONSTRAINT FK_orderdetail_product_ProductID FOREIGN KEY (ProductID)
REFERENCES product (ProductID) ON DELETE NO ACTION ON UPDATE NO ACTION;

--
-- Create table `feature`
--
CREATE TABLE feature (
  FeatureID char(36) NOT NULL COMMENT 'ID đặc trưng',
  FeatureName varchar(50) DEFAULT NULL COMMENT 'Tên đặc trưng',
  Value int(11) DEFAULT NULL COMMENT 'Giá trị',
  Number int(11) DEFAULT NULL COMMENT 'Thứ tự',
  Type varchar(20) DEFAULT NULL COMMENT 'Loại đặc trưng',
  Unit varchar(10) DEFAULT NULL COMMENT 'Đơn vị',
  Description varchar(255) DEFAULT NULL COMMENT 'Mô tả',
  CreatedDate datetime DEFAULT NULL COMMENT 'Ngày tạo',
  CreatedBy varchar(255) DEFAULT NULL COMMENT 'Người tạo',
  ModifiedDate datetime DEFAULT NULL COMMENT 'Ngày sửa',
  ModifiedBy varchar(255) DEFAULT NULL COMMENT 'Người sửa',
  PRIMARY KEY (FeatureID)
)
ENGINE = INNODB,
CHARACTER SET utf8mb4,
COLLATE utf8mb4_general_ci,
COMMENT = 'Bảng đặc trưng';

--
-- Create table `featureproduct`
--
CREATE TABLE featureproduct (
  FeatureProductId char(36) NOT NULL COMMENT 'ID đặc trưng sản phẩm',
  FeatureId char(36) DEFAULT NULL COMMENT 'ID đặc trưng',
  ProductId char(36) DEFAULT NULL COMMENT 'ID sản phẩm',
  Description text DEFAULT NULL COMMENT 'Mô tả',
  CreatedDate datetime DEFAULT NULL COMMENT 'Ngày tạo',
  CreatedBy varchar(255) DEFAULT NULL COMMENT 'Người tạo',
  ModifiedDate datetime DEFAULT NULL COMMENT 'Ngày sửa',
  ModifiedBy varchar(255) DEFAULT NULL COMMENT 'Người sửa',
  PRIMARY KEY (FeatureProductId)
)
ENGINE = INNODB,
CHARACTER SET utf8mb4,
COLLATE utf8mb4_general_ci,
COMMENT = 'Bảng đặc trưng sản phẩm';

--
-- Create foreign key
--
ALTER TABLE featureproduct
ADD CONSTRAINT FK_featureproduct_feature_FeatureID FOREIGN KEY (FeatureId)
REFERENCES feature (FeatureID) ON DELETE NO ACTION ON UPDATE NO ACTION;

--
-- Create foreign key
--
ALTER TABLE featureproduct
ADD CONSTRAINT FK_featureproduct_product_ProductID FOREIGN KEY (ProductId)
REFERENCES product (ProductID) ON DELETE NO ACTION ON UPDATE NO ACTION;

--
-- Create table `evaluation`
--
CREATE TABLE evaluation (
  EvaluationID char(36) NOT NULL COMMENT 'ID đánh giá',
  CustomerID char(36) DEFAULT NULL COMMENT 'ID người đánh giá',
  CustomerName varchar(100) DEFAULT NULL COMMENT 'Tên người đánh giá',
  Email varchar(50) DEFAULT NULL COMMENT 'Email người đánh giá',
  PhoneNumber varchar(10) DEFAULT NULL COMMENT 'Số điện thoại người đánh giá',
  Rate int(1) DEFAULT NULL COMMENT 'Số sao đánh giá',
  Content varchar(255) DEFAULT NULL COMMENT 'Nội dung đánh giá',
  Status bit(1) DEFAULT NULL COMMENT 'Tình trạng hoạt động',
  CreatedDate datetime DEFAULT NULL COMMENT 'Ngày tạo',
  CreatedBy varchar(255) DEFAULT NULL COMMENT 'Người tạo',
  ModifiedDate datetime DEFAULT NULL COMMENT 'Ngày sửa',
  ModifiedBy varchar(255) DEFAULT NULL COMMENT 'Người sửa',
  PRIMARY KEY (EvaluationID)
)
ENGINE = INNODB,
CHARACTER SET utf8mb4,
COLLATE utf8mb4_general_ci,
COMMENT = 'Bảng đánh giá sản phẩm';

--
-- Create table `comment`
--
CREATE TABLE comment (
  CommentID char(36) NOT NULL COMMENT 'ID bình luận',
  ProductID char(36) DEFAULT NULL COMMENT 'ID sản phẩm',
  FullName varchar(100) DEFAULT NULL COMMENT 'Họ tên người bình luận',
  Content varchar(255) DEFAULT NULL COMMENT 'Nội dung bình luận',
  Email varchar(50) DEFAULT NULL COMMENT 'Email người bình luận',
  PhoneNumber varchar(10) DEFAULT NULL COMMENT 'Số điện thoại người bình luận',
  CreatedDate datetime DEFAULT NULL COMMENT 'Ngày tạo',
  CreatedBy varchar(255) DEFAULT NULL COMMENT 'Người tạo',
  ModifiedDate datetime DEFAULT NULL COMMENT 'Ngày sửa',
  ModifiedBy varchar(255) DEFAULT NULL COMMENT 'Người sửa',
  PRIMARY KEY (CommentID)
)
ENGINE = INNODB,
CHARACTER SET utf8mb4,
COLLATE utf8mb4_general_ci,
COMMENT = 'Bảng bình luận';

--
-- Create table `account`
--
CREATE TABLE account (
  AccountID char(36) NOT NULL COMMENT 'ID tài khoàn',
  UserName varchar(255) DEFAULT NULL COMMENT 'Tên đăng nhập',
  Password varchar(255) DEFAULT NULL COMMENT 'Mật khẩu',
  FullName varchar(100) DEFAULT NULL COMMENT 'Họ và tên người dùng',
  Email varchar(50) DEFAULT NULL COMMENT 'Email',
  PhoneNumber varchar(10) DEFAULT NULL COMMENT 'Số điện thoại',
  Status bit(1) DEFAULT NULL COMMENT 'Tình trạng hoạt động',
  CreatedDate datetime DEFAULT NULL COMMENT 'Ngày tạo',
  CreatedBy varchar(255) DEFAULT NULL COMMENT 'Người tạo',
  ModifiedDate datetime DEFAULT NULL COMMENT 'Ngày sửa',
  ModifiedBy varchar(255) DEFAULT NULL COMMENT 'Người sửa',
  PRIMARY KEY (AccountID)
)
ENGINE = INNODB,
CHARACTER SET utf8mb4,
COLLATE utf8mb4_general_ci,
COMMENT = 'Bảng tài khoản';

-- 
-- Dumping data for table suplier
--
-- Table doantotnghiep.suplier does not contain any data (it is empty)

-- 
-- Dumping data for table manufacturer
--
INSERT INTO manufacturer VALUES
('42972', 'National Y-Mobile Inc.', '2009-02-27 22:24:08', 'Aundrea Cahill', '2012-11-23 23:47:08', 'Corinne Dugas'),
('65221', 'Canadian Space Explore Group', '1970-01-01 00:00:55', 'Antoine Banks', '1985-06-14 03:57:58', 'Ayanna Darling'),
('77230', 'Beyond Thermal Resources Corporation', '1980-03-11 15:42:26', 'Chaya Mccaffrey', '1970-01-01 00:00:47', 'Alonzo Aragon'),
('84031', 'Smart Space Explore Co.', '1984-10-29 18:18:18', 'Zulema Ingram', '1970-01-01 00:01:34', 'Waldo Knudsen'),
('90723', 'Canadian Trust Inc.', '2001-10-20 09:38:00', 'Earle Caudill', '1970-01-01 00:05:20', 'Adela Alba');

-- 
-- Dumping data for table category
--
INSERT INTO category VALUES
('08272', 'Movies', '64850', '2003-07-31 06:25:09', 'Kennith Carswell', '1970-01-01 00:00:07', 'Albert Mclean'),
('30199', 'Tools', '00878', '2021-11-05 00:28:54', 'Erasmo Joe', '1970-01-01 00:00:01', 'Edgar Adler'),
('46790', 'Baby', '68679', '2013-06-06 23:24:26', 'Kathyrn Beatty', '1970-01-01 00:31:40', 'Abram Patten'),
('56857', 'Games', '67407', '1986-03-28 18:50:20', 'Vanita Edmonds', '1995-10-01 05:42:54', 'Scot Acker'),
('71802', 'Accessories', '25568', '2011-06-25 23:04:56', 'Cary Benitez', '1970-01-01 00:00:09', 'Adelaida Bergman');

-- 
-- Dumping data for table receipt
--
-- Table doantotnghiep.receipt does not contain any data (it is empty)

-- 
-- Dumping data for table `order`
--
-- Table doantotnghiep.`order` does not contain any data (it is empty)

-- 
-- Dumping data for table product
--
INSERT INTO product VALUES
('Ampbandimor', '65221', '46790', 'Subcessimentor', 'Transniollor', '871540334272094', 894, 27, 'WRZ1B0WQ0JM48L', 'GB8BI0QP302403895PTNA9H4437OHVK62WW1H8438BMPA22HPJV06G541P7TO771271A74CSC92U6OC0MM76X', 888, '1971-07-05 01:23:26', '1998-04-12 11:50:44', 'M8PD1YCG7Q991TOGBIUU3H52FKI1DDC6QJM3P27P62MOSZO38M2Y968', '1970-01-01 00:54:29', 'Alina Calvin', '2003-11-26 22:11:58', 'Abbie Cano'),
('Comtecticphone', '77230', '71802', 'Subculfior', 'Cleanputon', '337838291498217', 848, 74, 'J5LJSQN', '2421P34NQU3PGVNHQ0T', 651, '1970-01-01 00:14:09', '1970-01-01 00:01:11', 'AT0PFE6MJ8I43IWO', '1972-03-23 12:20:24', 'Genevie Carney', '1970-01-01 00:00:07', 'Allison Rizzo'),
('Monoculerry', '65221', '56857', 'Tweetbandor', 'Tabwoofphone', '426727180387114', 508, 10, '5CH8YSL', '5HGCWFL6VK2697SAL9R3L18EM645O7M4E805BC26', 192, '2007-05-01 07:28:25', '2022-01-29 19:07:20', 'BXZ08UZ1ZK', '2015-06-02 07:52:16', 'Alice Slaughter', '2011-02-22 04:31:03', 'Darleen Adair'),
('Readtoper', '77230', '46790', 'Renierphone', 'Promuton', '573154478473632', 666, 86, '14Y10MUHY0X78B9PXR9J938P28T3GPUX50L7N4HZX00CR0XY9W', '54', 188, '2019-04-05 05:11:25', '2015-09-27 17:45:34', '6169QPV', '1970-01-01 00:00:02', 'Gordon Epperson', '2018-04-05 22:59:14', 'Odis Flynn'),
('Replottor', '90723', '08272', 'Recular', 'Tweetholdar', '168731228886212', 599, 6, 'U58', '1JAES702ASC8Q63SLJ7384K2604', 173, '2008-12-09 11:59:49', '1989-09-04 14:07:21', '9YF09PP1HRHYJGY7WG8GPMTE6DEMJ2W122VU4W593K9DVS3SWWB1ZH25OP64021100B95PLX37M42', '2000-10-03 20:27:56', 'Monty Horner', '1970-01-01 00:00:41', 'Dorothy Button');

-- 
-- Dumping data for table feature
--
-- Table doantotnghiep.feature does not contain any data (it is empty)

-- 
-- Dumping data for table receiptdetail
--
-- Table doantotnghiep.receiptdetail does not contain any data (it is empty)

-- 
-- Dumping data for table orderdetail
--
-- Table doantotnghiep.orderdetail does not contain any data (it is empty)

-- 
-- Dumping data for table featureproduct
--
-- Table doantotnghiep.featureproduct does not contain any data (it is empty)

-- 
-- Dumping data for table evaluation
--
-- Table doantotnghiep.evaluation does not contain any data (it is empty)

-- 
-- Dumping data for table comment
--
-- Table doantotnghiep.comment does not contain any data (it is empty)

-- 
-- Dumping data for table account
--
-- Table doantotnghiep.account does not contain any data (it is empty)

-- 
-- Restore previous SQL mode
-- 
/*!40101 SET SQL_MODE=@OLD_SQL_MODE */;

-- 
-- Enable foreign keys
-- 
/*!40014 SET FOREIGN_KEY_CHECKS = @OLD_FOREIGN_KEY_CHECKS */;